Sequence,Therapeutic,Target
GYTFTNY,Abciximab,CD41
YPGNSD,,
YDGYYVFAY,,
RASRDISNNLH,,
YASQSMS,,
QQTNSWPYT,,
GFTFDDY,Adalimumab,TNF
TWNSGH,,
VSYLSTASSLDY,,
RASQGIRNYLA,,
AASTLQS,,
QRYNRAPYT,,
GFTFTDF,Alemtuzumab,CD52
RDKAKGYT,,
EGHTAAPFDY,,
KASQNIDKYLN,,
NTNNLQT,,
LQHISRPRT,,
GFAFSSY,Aducanumab,APP
WFDGTK,,
RASQSISSYLN,,
AASSLQS,,
QQSYSTPLT,,
GFNIKDT,Anvatabart,HER2
YPTNGY,,
WGGDGFYAMDY,,
RASQDVNTAVA,,
SASFLYS,,
QQHYTTPPT,,
GFTFTDY,Arcitumomab,CEACAMs
GNKANGYT,,
DRGLRFYFDY,,
RASSSVTYIH,,
ATSNLAS,,
QHWSSKPPT,,
