record_id,source_id,source_title,source_url,publication_year,peptide_label,sequence,topology,purity_pct,purity_stage,yield_pct,yield_stage,yield_basis,condition_summary,source_note
amyloid_001,amyloid_hydrophobic_2008,Synthesis and Purification of Highly Hydrophobic Peptides Derived from the C-Terminus of Amyloid beta-Protein,https://pmc.ncbi.nlm.nih.gov/articles/PMC2773559/,2008,Aβ(39-42),VVIA,linear,95,final_product,8,isolated,isolated peptide mass after purification,"Fmoc SPPS on PEG-PS resin; HBTU and DIPEA in NMP; TFA cleavage",Table 1
amyloid_002,amyloid_hydrophobic_2008,Synthesis and Purification of Highly Hydrophobic Peptides Derived from the C-Terminus of Amyloid beta-Protein,https://pmc.ncbi.nlm.nih.gov/articles/PMC2773559/,2008,Aβ(38-42),GVVIA,linear,98,final_product,13,isolated,isolated peptide mass after purification,"Fmoc SPPS on PEG-PS resin; HBTU and DIPEA in NMP; TFA cleavage",Table 1
amyloid_003,amyloid_hydrophobic_2008,Synthesis and Purification of Highly Hydrophobic Peptides Derived from the C-Terminus of Amyloid beta-Protein,https://pmc.ncbi.nlm.nih.gov/articles/PMC2773559/,2008,Aβ(37-42),GGVVIA,linear,97,final_product,10,isolated,isolated peptide mass after purification,"Fmoc SPPS on PEG-PS resin; HBTU and DIPEA in NMP; TFA cleavage",Table 1
amyloid_004,amyloid_hydrophobic_2008,Synthesis and Purification of Highly Hydrophobic Peptides Derived from the C-Terminus of Amyloid beta-Protein,https://pmc.ncbi.nlm.nih.gov/articles/PMC2773559/,2008,Aβ(36-42),VGGVVIA,linear,98,final_product,9,isolated,isolated peptide mass after purification,"Fmoc SPPS on PEG-PS resin; HBTU and DIPEA in NMP; TFA cleavage",Table 1
amyloid_005,amyloid_hydrophobic_2008,Synthesis and Purification of Highly Hydrophobic Peptides Derived from the C-Terminus of Amyloid beta-Protein,https://pmc.ncbi.nlm.nih.gov/articles/PMC2773559/,2008,Aβ(35-42),MVGGVVIA,linear,95,final_product,6,isolated,isolated peptide mass after purification,"Fmoc SPPS on PEG-PS resin; HBTU and DIPEA in NMP; TFA cleavage",Table 1
amyloid_006,amyloid_hydrophobic_2008,Synthesis and Purification of Highly Hydrophobic Peptides Derived from the C-Terminus of Amyloid beta-Protein,https://pmc.ncbi.nlm.nih.gov/articles/PMC2773559/,2008,Aβ(34-42),LMVGGVVIA,linear,97,final_product,4,isolated,isolated peptide mass after purification,"Fmoc SPPS on PEG-PS resin; HBTU and DIPEA in NMP; TFA cleavage",Table 1
amyloid_007,amyloid_hydrophobic_2008,Synthesis and Purification of Highly Hydrophobic Peptides Derived from the C-Terminus of Amyloid beta-Protein,https://pmc.ncbi.nlm.nih.gov/articles/PMC2773559/,2008,Aβ(33-42),GLMVGGVVIA,linear,98,final_product,9,isolated,isolated peptide mass after purification,"Fmoc SPPS on PEG-PS resin; HBTU and DIPEA in NMP; TFA cleavage",Table 1
amyloid_008,amyloid_hydrophobic_2008,Synthesis and Purification of Highly Hydrophobic Peptides Derived from the C-Terminus of Amyloid beta-Protein,https://pmc.ncbi.nlm.nih.gov/articles/PMC2773559/,2008,Aβ(32-42),IGLMVGGVVIA,linear,96,final_product,2,isolated,isolated peptide mass after purification,"Fmoc SPPS on PEG-PS resin; HBTU and DIPEA in NMP; TFA cleavage",Table 1 method B
amyloid_009,amyloid_hydrophobic_2008,Synthesis and Purification of Highly Hydrophobic Peptides Derived from the C-Terminus of Amyloid beta-Protein,https://pmc.ncbi.nlm.nih.gov/articles/PMC2773559/,2008,Aβ(32-42),IGLMVGGVVIA,linear,95,final_product,18,isolated,isolated peptide mass after purification,"Fmoc SPPS on PEG-PS resin; HBTU and DIPEA in NMP; TFA cleavage",Table 1 method C
amyloid_010,amyloid_hydrophobic_2008,Synthesis and Purification of Highly Hydrophobic Peptides Derived from the C-Terminus of Amyloid beta-Protein,https://pmc.ncbi.nlm.nih.gov/articles/PMC2773559/,2008,Aβ(31-42),IIGLMVGGVVIA,linear,95,final_product,3,isolated,isolated peptide mass after purification,"Fmoc SPPS on PEG-PS resin; HBTU and DIPEA in NMP; TFA cleavage",Table 1 method B
amyloid_011,amyloid_hydrophobic_2008,Synthesis and Purification of Highly Hydrophobic Peptides Derived from the C-Terminus of Amyloid beta-Protein,https://pmc.ncbi.nlm.nih.gov/articles/PMC2773559/,2008,Aβ(31-42),IIGLMVGGVVIA,linear,95,final_product,23,isolated,isolated peptide mass after purification,"Fmoc SPPS on PEG-PS resin; HBTU and DIPEA in NMP; TFA cleavage",Table 1 method C
amyloid_012,amyloid_hydrophobic_2008,Synthesis and Purification of Highly Hydrophobic Peptides Derived from the C-Terminus of Amyloid beta-Protein,https://pmc.ncbi.nlm.nih.gov/articles/PMC2773559/,2008,Aβ(30-42),AIIGLMVGGVVIA,linear,97,final_product,0.7,isolated,isolated peptide mass after purification,"Fmoc SPPS on PEG-PS resin; HBTU and DIPEA in NMP; TFA cleavage",Table 1
amyloid_013,amyloid_hydrophobic_2008,Synthesis and Purification of Highly Hydrophobic Peptides Derived from the C-Terminus of Amyloid beta-Protein,https://pmc.ncbi.nlm.nih.gov/articles/PMC2773559/,2008,Aβ(29-42),GAIIGLMVGGVVIA,linear,95,final_product,0.7,isolated,isolated peptide mass after purification,"Fmoc SPPS on PEG-PS resin; HBTU and DIPEA in NMP; TFA cleavage",Table 1
amyloid_014,amyloid_hydrophobic_2008,Synthesis and Purification of Highly Hydrophobic Peptides Derived from the C-Terminus of Amyloid beta-Protein,https://pmc.ncbi.nlm.nih.gov/articles/PMC2773559/,2008,Aβ(28-42),KGAIIGLMVGGVVIA,linear,96,final_product,3,isolated,isolated peptide mass after purification,"Fmoc SPPS on PEG-PS resin; HBTU and DIPEA in NMP; TFA cleavage",Table 1
thioester_001,thioester_support_2008,High Throughput Synthesis of Peptide alpha-Thioesters Through the Use of Volatilizable Support,https://pmc.ncbi.nlm.nih.gov/articles/PMC3117248/,2008,5a,H-Phe-Ala-SBzl,linear,90,crude_hplc_214nm,100,crude,crude weight relative to resin substitution,"Boc SPPS on mercaptomethylphenyl-functionalized silica support; PyBOP and DIEA coupling",Table 1
thioester_002,thioester_support_2008,High Throughput Synthesis of Peptide alpha-Thioesters Through the Use of Volatilizable Support,https://pmc.ncbi.nlm.nih.gov/articles/PMC3117248/,2008,5b,H-Met(O)-Leu-SBzl,linear,93,crude_hplc_214nm,88,crude,crude weight relative to resin substitution,"Boc SPPS on mercaptomethylphenyl-functionalized silica support; PyBOP and DIEA coupling",Table 1
thioester_003,thioester_support_2008,High Throughput Synthesis of Peptide alpha-Thioesters Through the Use of Volatilizable Support,https://pmc.ncbi.nlm.nih.gov/articles/PMC3117248/,2008,5c,H-Gly-Phe-Leu-SBzl,linear,93,crude_hplc_214nm,82,crude,crude weight relative to resin substitution,"Boc SPPS on mercaptomethylphenyl-functionalized silica support; PyBOP and DIEA coupling",Table 1
thioester_004,thioester_support_2008,High Throughput Synthesis of Peptide alpha-Thioesters Through the Use of Volatilizable Support,https://pmc.ncbi.nlm.nih.gov/articles/PMC3117248/,2008,5d,H-Phe-Leu-Ala-SBzl,linear,85,crude_hplc_214nm,91,crude,crude weight relative to resin substitution,"Boc SPPS on mercaptomethylphenyl-functionalized silica support; PyBOP and DIEA coupling",Table 1
thioester_005,thioester_support_2008,High Throughput Synthesis of Peptide alpha-Thioesters Through the Use of Volatilizable Support,https://pmc.ncbi.nlm.nih.gov/articles/PMC3117248/,2008,5e,H-Phe-Leu-Leu-SBzl,linear,83,crude_hplc_214nm,96,crude,crude weight relative to resin substitution,"Boc SPPS on mercaptomethylphenyl-functionalized silica support; PyBOP and DIEA coupling",Table 1
thioester_006,thioester_support_2008,High Throughput Synthesis of Peptide alpha-Thioesters Through the Use of Volatilizable Support,https://pmc.ncbi.nlm.nih.gov/articles/PMC3117248/,2008,5f,H-Ala-Phe-Leu-Leu-SBzl,linear,84,crude_hplc_214nm,95,crude,crude weight relative to resin substitution,"Boc SPPS on mercaptomethylphenyl-functionalized silica support; PyBOP and DIEA coupling",Table 1
thioester_007,thioester_support_2008,High Throughput Synthesis of Peptide alpha-Thioesters Through the Use of Volatilizable Support,https://pmc.ncbi.nlm.nih.gov/articles/PMC3117248/,2008,5g,H-Ala-Phe-Leu-Ala-SBzl,linear,90,crude_hplc_214nm,90,crude,crude weight relative to resin substitution,"Boc SPPS on mercaptomethylphenyl-functionalized silica support; PyBOP and DIEA coupling",Table 1
thioester_008,thioester_support_2008,High Throughput Synthesis of Peptide alpha-Thioesters Through the Use of Volatilizable Support,https://pmc.ncbi.nlm.nih.gov/articles/PMC3117248/,2008,5h,H-Gly-Asn-Leu-Phe-Leu-SBzl,linear,85,crude_hplc_214nm,92,crude,crude weight relative to resin substitution,"Boc SPPS on mercaptomethylphenyl-functionalized silica support; PyBOP and DIEA coupling",Table 1
thioester_009,thioester_support_2008,High Throughput Synthesis of Peptide alpha-Thioesters Through the Use of Volatilizable Support,https://pmc.ncbi.nlm.nih.gov/articles/PMC3117248/,2008,5i,H-Val-Val-Leu-Asn-Leu-Asn-Phe-SBzl,linear,80,crude_hplc_214nm,82,crude,crude weight relative to resin substitution,"Boc SPPS on mercaptomethylphenyl-functionalized silica support; PyBOP and DIEA coupling",Table 1
thioester_010,thioester_support_2008,High Throughput Synthesis of Peptide alpha-Thioesters Through the Use of Volatilizable Support,https://pmc.ncbi.nlm.nih.gov/articles/PMC3117248/,2008,5j,H-Ala-Pro-Ile-Ala-Phe-Phe-Gly-SBzl,linear,81,crude_hplc_214nm,83,crude,crude weight relative to resin substitution,"Boc SPPS on mercaptomethylphenyl-functionalized silica support; PyBOP and DIEA coupling",Table 1
thioester_011,thioester_support_2008,High Throughput Synthesis of Peptide alpha-Thioesters Through the Use of Volatilizable Support,https://pmc.ncbi.nlm.nih.gov/articles/PMC3117248/,2008,6a,H-Ala-Lys-Phe-Ala-SBzl,linear,91,crude_hplc_214nm,87,crude,crude weight relative to resin substitution,"Boc SPPS on mercaptomethylphenyl-functionalized silica support; anhydrous HF cleavage for unprotected thioester",Table 1
thioester_012,thioester_support_2008,High Throughput Synthesis of Peptide alpha-Thioesters Through the Use of Volatilizable Support,https://pmc.ncbi.nlm.nih.gov/articles/PMC3117248/,2008,6b,H-Thr-Gly-Val-Phe-Ala-SBzl,linear,80,crude_hplc_214nm,86,crude,crude weight relative to resin substitution,"Boc SPPS on mercaptomethylphenyl-functionalized silica support; anhydrous HF cleavage for unprotected thioester",Table 1
thioester_013,thioester_support_2008,High Throughput Synthesis of Peptide alpha-Thioesters Through the Use of Volatilizable Support,https://pmc.ncbi.nlm.nih.gov/articles/PMC3117248/,2008,6c,H-Ala-Arg-Gly-Leu-Phe-SBzl,linear,78,crude_hplc_214nm,97,crude,crude weight relative to resin substitution,"Boc SPPS on mercaptomethylphenyl-functionalized silica support; anhydrous HF cleavage for unprotected thioester",Table 1
thioester_014,thioester_support_2008,High Throughput Synthesis of Peptide alpha-Thioesters Through the Use of Volatilizable Support,https://pmc.ncbi.nlm.nih.gov/articles/PMC3117248/,2008,6d,H-Ala-Trp-Phe-Ala-SBzl,linear,70,crude_hplc_214nm,92,crude,crude weight relative to resin substitution,"Boc SPPS on mercaptomethylphenyl-functionalized silica support; anhydrous HF cleavage for unprotected thioester",Table 1
thioester_015,thioester_support_2008,High Throughput Synthesis of Peptide alpha-Thioesters Through the Use of Volatilizable Support,https://pmc.ncbi.nlm.nih.gov/articles/PMC3117248/,2008,6e,H-Gly-Asp-Tyr-Gly-Gly-Phe-Ser-Leu-Tyr-Lys-Ala-SBzl,linear,65,crude_hplc_214nm,60,crude,crude weight relative to resin substitution,"Boc SPPS on mercaptomethylphenyl-functionalized silica support; anhydrous HF cleavage for unprotected thioester",Table 1
thioester_016,thioester_support_2008,High Throughput Synthesis of Peptide alpha-Thioesters Through the Use of Volatilizable Support,https://pmc.ncbi.nlm.nih.gov/articles/PMC3117248/,2008,8a,H-Cys-Gly-Gly-Phe-Leu-SBzl,linear,84,crude_hplc_214nm,90,crude,crude weight relative to resin substitution,"Boc SPPS on mercaptomethylphenyl-functionalized silica support; N-terminal cysteine thioester precursor",Table 1
thioester_017,thioester_support_2008,High Throughput Synthesis of Peptide alpha-Thioesters Through the Use of Volatilizable Support,https://pmc.ncbi.nlm.nih.gov/articles/PMC3117248/,2008,8b,H-Cys-Tyr-Gly-Gly-Phe-Leu-SBzl,linear,80,crude_hplc_214nm,85,crude,crude weight relative to resin substitution,"Boc SPPS on mercaptomethylphenyl-functionalized silica support; N-terminal cysteine thioester precursor",Table 1
greenchem_001,ram_spps_2025,Resonant acoustic mixing enables solvent-less amide coupling in solid-phase peptide synthesis,https://pubs.rsc.org/en/content/articlehtml/2025/gc/d5gc04067a,2025,IKVAV,IKVAV,linear,95,crude_hplc,81,isolated,isolated peptide after prep HPLC,"Solvent-less RAM SPPS; 0.1 mmol scale",Article text near validation examples
greenchem_002,ram_spps_2025,Resonant acoustic mixing enables solvent-less amide coupling in solid-phase peptide synthesis,https://pubs.rsc.org/en/content/articlehtml/2025/gc/d5gc04067a,2025,Angiotensin (1-7),DRVYIHP,linear,94,crude_hplc,70,isolated,isolated peptide after prep HPLC,"Solvent-less RAM SPPS; 0.1 mmol scale",Article text near validation examples
greenchem_003,ram_spps_2025,Resonant acoustic mixing enables solvent-less amide coupling in solid-phase peptide synthesis,https://pubs.rsc.org/en/content/articlehtml/2025/gc/d5gc04067a,2025,Angiotensin (1-7) scale-up,DRVYIHP,linear,94,crude_hplc,57,isolated,isolated peptide after prep HPLC,"Solvent-less RAM SPPS; 1.0 mmol scale-up",Article text near validation examples
thp_001,thp_backbone_2024,Tetrahydropyranyl Backbone Protection for Enhanced Fmoc Solid-Phase Synthesis of Challenging Peptides,https://pmc.ncbi.nlm.nih.gov/articles/PMC12351424/,2024,Nigrocin-HLM,,,32,crude_hplc,12,isolated,isolated peptide after purification,"Standard Fmoc SPPS without THP backbone protection",Text comparison in article
thp_002,thp_backbone_2024,Tetrahydropyranyl Backbone Protection for Enhanced Fmoc Solid-Phase Synthesis of Challenging Peptides,https://pmc.ncbi.nlm.nih.gov/articles/PMC12351424/,2024,Nigrocin-HLM,,,54,crude_hplc,24,isolated,isolated peptide after purification,"Fmoc SPPS with THP backbone protection",Text comparison in article
trityl_001,trityl_anchor_2013,Synthesis of Peptides Containing C-Terminal Methyl Esters Using Trityl Side-Chain Anchoring,https://pmc.ncbi.nlm.nih.gov/articles/PMC3622458/,2013,H-Tyr-Ile-His-Pro-Phe-OMe,H-Tyr-Ile-His-Pro-Phe-OMe,linear,68,crude_hplc,52,isolated,isolated purified peptide from resin loading,"Fmoc SPPS using Fmoc-Phe-O-2-PhiPr resin",Table 1
trityl_002,trityl_anchor_2013,Synthesis of Peptides Containing C-Terminal Methyl Esters Using Trityl Side-Chain Anchoring,https://pmc.ncbi.nlm.nih.gov/articles/PMC3622458/,2013,H-Tyr-Ile-His-Pro-Phe-OMe,H-Tyr-Ile-His-Pro-Phe-OMe,linear,50,crude_hplc,47,isolated,isolated purified peptide from resin loading,"Fmoc SPPS using Fmoc-His(Trt)-O-2-PhiPr resin with trityl side-chain anchoring",Table 1
pdac_001,pdac_pegylation_2024,Impact of N-Terminal PEGylation on Synthesis and Purification of Peptide-Based Cancer Epitopes for Pancreatic Ductal Adenocarcinoma (PDAC),https://pmc.ncbi.nlm.nih.gov/articles/PMC11325526/,2024,P1 (MSLN 1 NH2),PLTVAEVQKLLGPHV,linear,84,crude_hplc,67,crude,% Yield = (crude mmol × crude purity)/(theoretical mmol),"Fmoc/tBu SPPS, unmodified mesothelin epitope",Table 3
pdac_002,pdac_pegylation_2024,Impact of N-Terminal PEGylation on Synthesis and Purification of Peptide-Based Cancer Epitopes for Pancreatic Ductal Adenocarcinoma (PDAC),https://pmc.ncbi.nlm.nih.gov/articles/PMC11325526/,2024,P2 (MSLN 1 PEG23),PLTVAEVQKLLGPHV,linear,81,crude_hplc,68,crude,% Yield = (crude mmol × crude purity)/(theoretical mmol),"Fmoc/tBu SPPS, N-terminal PEG23 conjugate",Table 3
pdac_003,pdac_pegylation_2024,Impact of N-Terminal PEGylation on Synthesis and Purification of Peptide-Based Cancer Epitopes for Pancreatic Ductal Adenocarcinoma (PDAC),https://pmc.ncbi.nlm.nih.gov/articles/PMC11325526/,2024,P3 (MSLN 1 Palm),PLTVAEVQKLLGPHV,linear,83,crude_hplc,38,crude,% Yield = (crude mmol × crude purity)/(theoretical mmol),"Fmoc/tBu SPPS, N-terminal palmitoyl conjugate",Table 3
pdac_004,pdac_pegylation_2024,Impact of N-Terminal PEGylation on Synthesis and Purification of Peptide-Based Cancer Epitopes for Pancreatic Ductal Adenocarcinoma (PDAC),https://pmc.ncbi.nlm.nih.gov/articles/PMC11325526/,2024,P4 (MSLN 2 NH2),ALPLDLLLFL,linear,82,crude_hplc,78,crude,% Yield = (crude mmol × crude purity)/(theoretical mmol),"Fmoc/tBu SPPS, unmodified mesothelin epitope",Table 3
pdac_005,pdac_pegylation_2024,Impact of N-Terminal PEGylation on Synthesis and Purification of Peptide-Based Cancer Epitopes for Pancreatic Ductal Adenocarcinoma (PDAC),https://pmc.ncbi.nlm.nih.gov/articles/PMC11325526/,2024,P5 (MSLN 2 PEG23),ALPLDLLLFL,linear,86,crude_hplc,63,crude,% Yield = (crude mmol × crude purity)/(theoretical mmol),"Fmoc/tBu SPPS, N-terminal PEG23 conjugate",Table 3
pdac_006,pdac_pegylation_2024,Impact of N-Terminal PEGylation on Synthesis and Purification of Peptide-Based Cancer Epitopes for Pancreatic Ductal Adenocarcinoma (PDAC),https://pmc.ncbi.nlm.nih.gov/articles/PMC11325526/,2024,P6 (MSLN 2 Palm),ALPLDLLLFL,linear,76,crude_hplc,55,crude,% Yield = (crude mmol × crude purity)/(theoretical mmol),"Fmoc/tBu SPPS, N-terminal palmitoyl conjugate",Table 3
pdac_007,pdac_pegylation_2024,Impact of N-Terminal PEGylation on Synthesis and Purification of Peptide-Based Cancer Epitopes for Pancreatic Ductal Adenocarcinoma (PDAC),https://pmc.ncbi.nlm.nih.gov/articles/PMC11325526/,2024,P7 (MSLN 3 NH2),SLLFLLFSL,linear,56,crude_hplc,33,crude,% Yield = (crude mmol × crude purity)/(theoretical mmol),"Fmoc/tBu SPPS, unmodified mesothelin epitope",Table 3
pdac_008,pdac_pegylation_2024,Impact of N-Terminal PEGylation on Synthesis and Purification of Peptide-Based Cancer Epitopes for Pancreatic Ductal Adenocarcinoma (PDAC),https://pmc.ncbi.nlm.nih.gov/articles/PMC11325526/,2024,P8 (MSLN 3 PEG23),SLLFLLFSL,linear,55,crude_hplc,40,crude,% Yield = (crude mmol × crude purity)/(theoretical mmol),"Fmoc/tBu SPPS, N-terminal PEG23 conjugate",Table 3
pdac_009,pdac_pegylation_2024,Impact of N-Terminal PEGylation on Synthesis and Purification of Peptide-Based Cancer Epitopes for Pancreatic Ductal Adenocarcinoma (PDAC),https://pmc.ncbi.nlm.nih.gov/articles/PMC11325526/,2024,P9 (MSLN 3 Palm),SLLFLLFSL,linear,75,crude_hplc,27,crude,% Yield = (crude mmol × crude purity)/(theoretical mmol),"Fmoc/tBu SPPS, N-terminal palmitoyl conjugate",Table 3
pdac_010,pdac_pegylation_2024,Impact of N-Terminal PEGylation on Synthesis and Purification of Peptide-Based Cancer Epitopes for Pancreatic Ductal Adenocarcinoma (PDAC),https://pmc.ncbi.nlm.nih.gov/articles/PMC11325526/,2024,P10 (MSLN 4 NH2),PLTVAEVQKLLGPHVKKALPLDLLLFLKKSLLFLLFSL,linear,71,crude_hplc,41,crude,% Yield = (crude mmol × crude purity)/(theoretical mmol),"Fmoc/tBu SPPS, long multiepitope sequence",Table 3
pdac_011,pdac_pegylation_2024,Impact of N-Terminal PEGylation on Synthesis and Purification of Peptide-Based Cancer Epitopes for Pancreatic Ductal Adenocarcinoma (PDAC),https://pmc.ncbi.nlm.nih.gov/articles/PMC11325526/,2024,P11 (MSLN 4 PEG23),PLTVAEVQKLLGPHVKKALPLDLLLFLKKSLLFLLFSL,linear,81,crude_hplc,56,crude,% Yield = (crude mmol × crude purity)/(theoretical mmol),"Fmoc/tBu SPPS, long multiepitope sequence with PEG23",Table 3
pdac_012,pdac_pegylation_2024,Impact of N-Terminal PEGylation on Synthesis and Purification of Peptide-Based Cancer Epitopes for Pancreatic Ductal Adenocarcinoma (PDAC),https://pmc.ncbi.nlm.nih.gov/articles/PMC11325526/,2024,P12 (MSLN 4 Palm),PLTVAEVQKLLGPHVKKALPLDLLLFLKKSLLFLLFSL,linear,57,crude_hplc,28,crude,% Yield = (crude mmol × crude purity)/(theoretical mmol),"Fmoc/tBu SPPS, long multiepitope sequence with palmitoyl",Table 3
pdac_013,pdac_pegylation_2024,Impact of N-Terminal PEGylation on Synthesis and Purification of Peptide-Based Cancer Epitopes for Pancreatic Ductal Adenocarcinoma (PDAC),https://pmc.ncbi.nlm.nih.gov/articles/PMC11325526/,2024,P1 purified (MSLN 1 NH2),PLTVAEVQKLLGPHV,linear,>99,purified_hplc,37,recovery,% Recovery = (purified mmol × purity)/(crude mmol × crude purity),"Fmoc/tBu SPPS, unmodified mesothelin epitope",Table 3
pdac_014,pdac_pegylation_2024,Impact of N-Terminal PEGylation on Synthesis and Purification of Peptide-Based Cancer Epitopes for Pancreatic Ductal Adenocarcinoma (PDAC),https://pmc.ncbi.nlm.nih.gov/articles/PMC11325526/,2024,P2 purified (MSLN 1 PEG23),PLTVAEVQKLLGPHV,linear,>99,purified_hplc,24,recovery,% Recovery = (purified mmol × purity)/(crude mmol × crude purity),"Fmoc/tBu SPPS, N-terminal PEG23 conjugate",Table 3
pdac_015,pdac_pegylation_2024,Impact of N-Terminal PEGylation on Synthesis and Purification of Peptide-Based Cancer Epitopes for Pancreatic Ductal Adenocarcinoma (PDAC),https://pmc.ncbi.nlm.nih.gov/articles/PMC11325526/,2024,P3 purified (MSLN 1 Palm),PLTVAEVQKLLGPHV,linear,95,purified_hplc,22,recovery,% Recovery = (purified mmol × purity)/(crude mmol × crude purity),"Fmoc/tBu SPPS, N-terminal palmitoyl conjugate",Table 3
pdac_016,pdac_pegylation_2024,Impact of N-Terminal PEGylation on Synthesis and Purification of Peptide-Based Cancer Epitopes for Pancreatic Ductal Adenocarcinoma (PDAC),https://pmc.ncbi.nlm.nih.gov/articles/PMC11325526/,2024,P4 purified (MSLN 2 NH2),ALPLDLLLFL,linear,99,purified_hplc,61,recovery,% Recovery = (purified mmol × purity)/(crude mmol × crude purity),"Fmoc/tBu SPPS, unmodified mesothelin epitope",Table 3
pdac_017,pdac_pegylation_2024,Impact of N-Terminal PEGylation on Synthesis and Purification of Peptide-Based Cancer Epitopes for Pancreatic Ductal Adenocarcinoma (PDAC),https://pmc.ncbi.nlm.nih.gov/articles/PMC11325526/,2024,P5 purified (MSLN 2 PEG23),ALPLDLLLFL,linear,96,purified_hplc,70,recovery,% Recovery = (purified mmol × purity)/(crude mmol × crude purity),"Fmoc/tBu SPPS, N-terminal PEG23 conjugate",Table 3
pdac_018,pdac_pegylation_2024,Impact of N-Terminal PEGylation on Synthesis and Purification of Peptide-Based Cancer Epitopes for Pancreatic Ductal Adenocarcinoma (PDAC),https://pmc.ncbi.nlm.nih.gov/articles/PMC11325526/,2024,P6 purified (MSLN 2 Palm),ALPLDLLLFL,linear,99,purified_hplc,23,recovery,% Recovery = (purified mmol × purity)/(crude mmol × crude purity),"Fmoc/tBu SPPS, N-terminal palmitoyl conjugate",Table 3
pdac_019,pdac_pegylation_2024,Impact of N-Terminal PEGylation on Synthesis and Purification of Peptide-Based Cancer Epitopes for Pancreatic Ductal Adenocarcinoma (PDAC),https://pmc.ncbi.nlm.nih.gov/articles/PMC11325526/,2024,P7 purified (MSLN 3 NH2),SLLFLLFSL,linear,95,purified_hplc,11,recovery,% Recovery = (purified mmol × purity)/(crude mmol × crude purity),"Fmoc/tBu SPPS, unmodified mesothelin epitope",Table 3
pdac_020,pdac_pegylation_2024,Impact of N-Terminal PEGylation on Synthesis and Purification of Peptide-Based Cancer Epitopes for Pancreatic Ductal Adenocarcinoma (PDAC),https://pmc.ncbi.nlm.nih.gov/articles/PMC11325526/,2024,P8 purified (MSLN 3 PEG23),SLLFLLFSL,linear,95,purified_hplc,33,recovery,% Recovery = (purified mmol × purity)/(crude mmol × crude purity),"Fmoc/tBu SPPS, N-terminal PEG23 conjugate",Table 3
pdac_021,pdac_pegylation_2024,Impact of N-Terminal PEGylation on Synthesis and Purification of Peptide-Based Cancer Epitopes for Pancreatic Ductal Adenocarcinoma (PDAC),https://pmc.ncbi.nlm.nih.gov/articles/PMC11325526/,2024,P9 purified (MSLN 3 Palm),SLLFLLFSL,linear,98,purified_hplc,47,recovery,% Recovery = (purified mmol × purity)/(crude mmol × crude purity),"Fmoc/tBu SPPS, N-terminal palmitoyl conjugate",Table 3
pdac_022,pdac_pegylation_2024,Impact of N-Terminal PEGylation on Synthesis and Purification of Peptide-Based Cancer Epitopes for Pancreatic Ductal Adenocarcinoma (PDAC),https://pmc.ncbi.nlm.nih.gov/articles/PMC11325526/,2024,P10 purified (MSLN 4 NH2),PLTVAEVQKLLGPHVKKALPLDLLLFLKKSLLFLLFSL,linear,73,purified_hplc,19,recovery,% Recovery = (purified mmol × purity)/(crude mmol × crude purity),"Fmoc/tBu SPPS, long multiepitope sequence; authors note purity could not exceed 90%",Table 3
pdac_023,pdac_pegylation_2024,Impact of N-Terminal PEGylation on Synthesis and Purification of Peptide-Based Cancer Epitopes for Pancreatic Ductal Adenocarcinoma (PDAC),https://pmc.ncbi.nlm.nih.gov/articles/PMC11325526/,2024,P11 purified (MSLN 4 PEG23),PLTVAEVQKLLGPHVKKALPLDLLLFLKKSLLFLLFSL,linear,>99,purified_hplc,36,recovery,% Recovery = (purified mmol × purity)/(crude mmol × crude purity),"Fmoc/tBu SPPS, long multiepitope sequence with PEG23",Table 3
pdac_024,pdac_pegylation_2024,Impact of N-Terminal PEGylation on Synthesis and Purification of Peptide-Based Cancer Epitopes for Pancreatic Ductal Adenocarcinoma (PDAC),https://pmc.ncbi.nlm.nih.gov/articles/PMC11325526/,2024,P12 purified (MSLN 4 Palm),PLTVAEVQKLLGPHVKKALPLDLLLFLKKSLLFLLFSL,linear,97,purified_hplc,53,recovery,% Recovery = (purified mmol × purity)/(crude mmol × crude purity),"Fmoc/tBu SPPS, long multiepitope sequence with palmitoyl",Table 3
"hopo_001",hopo_protocol_2020,"Protocol for efficient solid-phase synthesis of peptides containing 1-hydroxypyridine-2-one (1,2-HOPO)",https://pmc.ncbi.nlm.nih.gov/articles/PMC7551356/,2020,Peptide 1 single coupling,,,97,final_product,88,crude,88% crude peptide,"Fmoc/tBu SPPS with free N-OH HOPO incorporation; double coupling condition",Table 1
"hopo_002",hopo_protocol_2020,"Protocol for efficient solid-phase synthesis of peptides containing 1-hydroxypyridine-2-one (1,2-HOPO)",https://pmc.ncbi.nlm.nih.gov/articles/PMC7551356/,2020,Peptide 2 double coupling,,,60,final_product,87,crude,87% crude peptide,"Fmoc/tBu SPPS with free N-OH HOPO incorporation; double coupling per Lys",Table 1
"hopo_003",hopo_protocol_2020,"Protocol for efficient solid-phase synthesis of peptides containing 1-hydroxypyridine-2-one (1,2-HOPO)",https://pmc.ncbi.nlm.nih.gov/articles/PMC7551356/,2020,Peptide 3,,,69,final_product,71,crude,71% crude peptide,"Fmoc/tBu SPPS with N-OBn HOPO derivative; cleavage mixture A",Table 1
"hopo_004",hopo_protocol_2020,"Protocol for efficient solid-phase synthesis of peptides containing 1-hydroxypyridine-2-one (1,2-HOPO)",https://pmc.ncbi.nlm.nih.gov/articles/PMC7551356/,2020,Peptide 2 from 3,,,62,final_product,63,crude,63% crude peptide,"Fmoc/tBu SPPS with N-OBn HOPO derivative; deprotection from peptide 3 using mixture B",Table 1
myc_001,myc_afps_2024,Rapid flow-based synthesis of post-translationally modified peptides and proteins: a case study on MYC's transactivation domain,https://pubs.rsc.org/en/content/articlehtml/2024/sc/d4sc00481g,2024,Tetra-phosphorylated MYC[55–68],,linear,64,crude_hplc,8,isolated,Isolated yield of pure peptide based on resin loading,"AFPS phosphopeptide",Fig. 2B left / article text
myc_002,myc_afps_2024,Rapid flow-based synthesis of post-translationally modified peptides and proteins: a case study on MYC's transactivation domain,https://pubs.rsc.org/en/content/articlehtml/2024/sc/d4sc00481g,2024,Penta-phosphorylated MYC[55–76],,linear,54,crude_hplc,2,isolated,Isolated yield of pure peptide based on resin loading,"AFPS phosphopeptide",Fig. 2B right / article text
myc_003,myc_afps_2024,Rapid flow-based synthesis of post-translationally modified peptides and proteins: a case study on MYC's transactivation domain,https://pubs.rsc.org/en/content/articlehtml/2024/sc/d4sc00481g,2024,MYC[141–160] acetyl/sulfation analogue,,linear,>95,purified_hplc,20,isolated,Isolated yield of pure peptide based on resin loading,"AFPS modified peptide with acetylation and sulfation",ESI Section 4.3.3 / article text
myc_004,myc_afps_2024,Rapid flow-based synthesis of post-translationally modified peptides and proteins: a case study on MYC's transactivation domain,https://pubs.rsc.org/en/content/articlehtml/2024/sc/d4sc00481g,2024,MYC[141–160] tetra-modified analogue,,linear,>95,purified_hplc,21,isolated,Isolated yield of pure peptide based on resin loading,"AFPS modified peptide with trimethyl-Lys, acetyl-Lys, phosphotyrosine",Fig. 2C left / article text
myc_005,myc_afps_2024,Rapid flow-based synthesis of post-translationally modified peptides and proteins: a case study on MYC's transactivation domain,https://pubs.rsc.org/en/content/articlehtml/2024/sc/d4sc00481g,2024,MYC[141–160] heavily modified analogue,,linear,61,crude_hplc,12,isolated,Isolated yield of pure peptide based on resin loading,"AFPS modified peptide with 7 PTMs including sulfotyrosine",Fig. 2C right / article text
recifin_001,recifin_2024,Picking the tyrosine-lock: chemical synthesis of the tyrosyl-DNA phosphodiesterase I inhibitor recifin A and analogues,https://pubs.rsc.org/en/content/articlehtml/2024/sc/d4sc01976h,2024,Recifin A N-terminal fragment,,linear,,unknown,27,isolated,Isolated yield after HPLC purification,"Peptide fragment synthesis",Table 2
recifin_002,recifin_2024,Picking the tyrosine-lock: chemical synthesis of the tyrosyl-DNA phosphodiesterase I inhibitor recifin A and analogues,https://pubs.rsc.org/en/content/articlehtml/2024/sc/d4sc01976h,2024,Recifin A C-terminal fragment,,linear,,unknown,21,isolated,Isolated yield after HPLC purification,"Peptide fragment synthesis",Table 2
recifin_003,recifin_2024,Picking the tyrosine-lock: chemical synthesis of the tyrosyl-DNA phosphodiesterase I inhibitor recifin A and analogues,https://pubs.rsc.org/en/content/articlehtml/2024/sc/d4sc01976h,2024,Ligated reduced recifin A,,linear,,unknown,30,isolated,Isolated yield after HPLC purification,"Peptide ligation intermediate",Table 2
recifin_004,recifin_2024,Picking the tyrosine-lock: chemical synthesis of the tyrosyl-DNA phosphodiesterase I inhibitor recifin A and analogues,https://pubs.rsc.org/en/content/articlehtml/2024/sc/d4sc01976h,2024,Folded recifin A,,linear,,unknown,56,isolated,Isolated yield after HPLC purification,"Folded final peptide",Table 2
teabag_001,teabags_fmoc_2021,Tea Bags for Fmoc Solid-Phase Peptide Synthesis: An Example of Circular Economy,https://pmc.ncbi.nlm.nih.gov/articles/PMC8399505/,2021,AQ3283,DLKTQVKVFA,linear,77.4,crude_hplc,56,crude,%PY from experimental yield and HPLC integration of the main peak,"Tea-bag Fmoc SPPS on 40 mg resin; mass spectrometry ok",Table 2
teabag_002,teabags_fmoc_2021,Tea Bags for Fmoc Solid-Phase Peptide Synthesis: An Example of Circular Economy,https://pmc.ncbi.nlm.nih.gov/articles/PMC8399505/,2021,AQ3284,VWRSTSPAKESPDELSRY,linear,56.4,crude_hplc,47,crude,%PY from experimental yield and HPLC integration of the main peak,"Tea-bag Fmoc SPPS on 40 mg resin; mass spectrometry ok",Table 2
teabag_003,teabags_fmoc_2021,Tea Bags for Fmoc Solid-Phase Peptide Synthesis: An Example of Circular Economy,https://pmc.ncbi.nlm.nih.gov/articles/PMC8399505/,2021,AQ3285,ITNYLHKTLAHVPEI,linear,96.6,crude_hplc,93,crude,%PY from experimental yield and HPLC integration of the main peak,"Tea-bag Fmoc SPPS on 40 mg resin; mass spectrometry ok",Table 2
teabag_004,teabags_fmoc_2021,Tea Bags for Fmoc Solid-Phase Peptide Synthesis: An Example of Circular Economy,https://pmc.ncbi.nlm.nih.gov/articles/PMC8399505/,2021,AQ3286,TFSSKVQYQLVVTTLHKLQE,linear,67.4,crude_hplc,69,crude,%PY from experimental yield and HPLC integration of the main peak,"Tea-bag Fmoc SPPS on 40 mg resin; mass spectrometry ok",Table 2
teabag_005,teabags_fmoc_2021,Tea Bags for Fmoc Solid-Phase Peptide Synthesis: An Example of Circular Economy,https://pmc.ncbi.nlm.nih.gov/articles/PMC8399505/,2021,AQ3287,RDQLPHPLKEFLQE,linear,95.2,crude_hplc,117,crude,%PY from experimental yield and HPLC integration of the main peak,"Tea-bag Fmoc SPPS on 40 mg resin; mass spectrometry ok",Table 2
teabag_006,teabags_fmoc_2021,Tea Bags for Fmoc Solid-Phase Peptide Synthesis: An Example of Circular Economy,https://pmc.ncbi.nlm.nih.gov/articles/PMC8399505/,2021,AQ3288,SMHKPLPKTLSSV,linear,94.9,crude_hplc,90,crude,%PY from experimental yield and HPLC integration of the main peak,"Tea-bag Fmoc SPPS on 40 mg resin; mass spectrometry ok",Table 2
teabag_007,teabags_fmoc_2021,Tea Bags for Fmoc Solid-Phase Peptide Synthesis: An Example of Circular Economy,https://pmc.ncbi.nlm.nih.gov/articles/PMC8399505/,2021,AQ3289,EKTVIGYLEPGAE,linear,83.4,crude_hplc,111,crude,%PY from experimental yield and HPLC integration of the main peak,"Tea-bag Fmoc SPPS on 40 mg resin; mass spectrometry ok",Table 2
teabag_008,teabags_fmoc_2021,Tea Bags for Fmoc Solid-Phase Peptide Synthesis: An Example of Circular Economy,https://pmc.ncbi.nlm.nih.gov/articles/PMC8399505/,2021,AQ3290,LQRSLSPTQLYYRQFTSKV,linear,73.8,crude_hplc,65,crude,%PY from experimental yield and HPLC integration of the main peak,"Tea-bag Fmoc SPPS on 40 mg resin; mass spectrometry ok",Table 2
teabag_009,teabags_fmoc_2021,Tea Bags for Fmoc Solid-Phase Peptide Synthesis: An Example of Circular Economy,https://pmc.ncbi.nlm.nih.gov/articles/PMC8399505/,2021,AQ3291,ELDSIPEKLLD,linear,48.1,crude_hplc,53,crude,%PY from experimental yield and HPLC integration of the main peak,"Tea-bag Fmoc SPPS on 40 mg resin; mass spectrometry ok",Table 2
teabag_010,teabags_fmoc_2021,Tea Bags for Fmoc Solid-Phase Peptide Synthesis: An Example of Circular Economy,https://pmc.ncbi.nlm.nih.gov/articles/PMC8399505/,2021,AQ3292,SLIRLGAFFYKRVKE,linear,62.2,crude_hplc,68,crude,%PY from experimental yield and HPLC integration of the main peak,"Tea-bag Fmoc SPPS on 40 mg resin; mass spectrometry ok",Table 2
teabag_011,teabags_fmoc_2021,Tea Bags for Fmoc Solid-Phase Peptide Synthesis: An Example of Circular Economy,https://pmc.ncbi.nlm.nih.gov/articles/PMC8399505/,2021,AQ3293,QLRKVLSL,linear,58.8,crude_hplc,47,crude,%PY from experimental yield and HPLC integration of the main peak,"Tea-bag Fmoc SPPS on 40 mg resin; mass spectrometry ok",Table 2
teabag_012,teabags_fmoc_2021,Tea Bags for Fmoc Solid-Phase Peptide Synthesis: An Example of Circular Economy,https://pmc.ncbi.nlm.nih.gov/articles/PMC8399505/,2021,AQ3294,FYPSIQLPAHIQEYLSDS,linear,77.2,crude_hplc,69,crude,%PY from experimental yield and HPLC integration of the main peak,"Tea-bag Fmoc SPPS on 40 mg resin; mass spectrometry ok",Table 2
teabag_013,teabags_fmoc_2021,Tea Bags for Fmoc Solid-Phase Peptide Synthesis: An Example of Circular Economy,https://pmc.ncbi.nlm.nih.gov/articles/PMC8399505/,2021,AQ3295,EAELSSDKLTISPE,linear,85.3,crude_hplc,74,crude,%PY from experimental yield and HPLC integration of the main peak,"Tea-bag Fmoc SPPS on 40 mg resin; mass spectrometry ok",Table 2
teabag_014,teabags_fmoc_2021,Tea Bags for Fmoc Solid-Phase Peptide Synthesis: An Example of Circular Economy,https://pmc.ncbi.nlm.nih.gov/articles/PMC8399505/,2021,AQ3296,DLASKRAVDF,linear,49.9,crude_hplc,60,crude,%PY from experimental yield and HPLC integration of the main peak,"Tea-bag Fmoc SPPS on 40 mg resin; mass spectrometry ok",Table 2
teabag_015,teabags_fmoc_2021,Tea Bags for Fmoc Solid-Phase Peptide Synthesis: An Example of Circular Economy,https://pmc.ncbi.nlm.nih.gov/articles/PMC8399505/,2021,AQ3297,AVGKSSLVLRFVKG,linear,97.4,crude_hplc,117,crude,%PY from experimental yield and HPLC integration of the main peak,"Tea-bag Fmoc SPPS on 40 mg resin; mass spectrometry ok",Table 2
teabag_016,teabags_fmoc_2021,Tea Bags for Fmoc Solid-Phase Peptide Synthesis: An Example of Circular Economy,https://pmc.ncbi.nlm.nih.gov/articles/PMC8399505/,2021,AQ3298,RGAQAAIVVYD,linear,19.1,crude_hplc,16,crude,%PY from experimental yield and HPLC integration of the main peak,"Tea-bag Fmoc SPPS on 40 mg resin; mass spectrometry ok",Table 2
teabag_017,teabags_fmoc_2021,Tea Bags for Fmoc Solid-Phase Peptide Synthesis: An Example of Circular Economy,https://pmc.ncbi.nlm.nih.gov/articles/PMC8399505/,2021,AQ3299,NNRLPLLGKYIQK,linear,78.8,crude_hplc,100,crude,%PY from experimental yield and HPLC integration of the main peak,"Tea-bag Fmoc SPPS on 40 mg resin; mass spectrometry ok",Table 2
teabag_018,teabags_fmoc_2021,Tea Bags for Fmoc Solid-Phase Peptide Synthesis: An Example of Circular Economy,https://pmc.ncbi.nlm.nih.gov/articles/PMC8399505/,2021,AQ3300,LNEKVSNLQRRVDA,linear,69.7,crude_hplc,69,crude,%PY from experimental yield and HPLC integration of the main peak,"Tea-bag Fmoc SPPS on 40 mg resin; mass spectrometry ok",Table 2
teabag_019,teabags_fmoc_2021,Tea Bags for Fmoc Solid-Phase Peptide Synthesis: An Example of Circular Economy,https://pmc.ncbi.nlm.nih.gov/articles/PMC8399505/,2021,AQ3301,SLRDLVSRKYLHLKNIP,linear,52.5,crude_hplc,30,crude,%PY from experimental yield and HPLC integration of the main peak,"Tea-bag Fmoc SPPS on 40 mg resin; mass spectrometry ok",Table 2
teabag_020,teabags_fmoc_2021,Tea Bags for Fmoc Solid-Phase Peptide Synthesis: An Example of Circular Economy,https://pmc.ncbi.nlm.nih.gov/articles/PMC8399505/,2021,AQ3302,NEDVLDQVEQSLLGVHG,linear,64.0,crude_hplc,21,crude,%PY from experimental yield and HPLC integration of the main peak,"Tea-bag Fmoc SPPS on 40 mg resin; mass spectrometry ok",Table 2
teabag_021,teabags_fmoc_2021,Tea Bags for Fmoc Solid-Phase Peptide Synthesis: An Example of Circular Economy,https://pmc.ncbi.nlm.nih.gov/articles/PMC8399505/,2021,AQ3303,VREQLQIFLR,linear,50.1,crude_hplc,24,crude,%PY from experimental yield and HPLC integration of the main peak,"Tea-bag Fmoc SPPS on 40 mg resin; mass spectrometry ok",Table 2
teabag_022,teabags_fmoc_2021,Tea Bags for Fmoc Solid-Phase Peptide Synthesis: An Example of Circular Economy,https://pmc.ncbi.nlm.nih.gov/articles/PMC8399505/,2021,AQ3304,LKRKRAVLKSYLSTSVR,linear,38.5,crude_hplc,13,crude,%PY from experimental yield and HPLC integration of the main peak,"Tea-bag Fmoc SPPS on 40 mg resin; mass spectrometry ok",Table 2
teabag_023,teabags_fmoc_2021,Tea Bags for Fmoc Solid-Phase Peptide Synthesis: An Example of Circular Economy,https://pmc.ncbi.nlm.nih.gov/articles/PMC8399505/,2021,AQ3305,SDSSVEVLAEELIKHRV,linear,72.5,crude_hplc,20,crude,%PY from experimental yield and HPLC integration of the main peak,"Tea-bag Fmoc SPPS on 40 mg resin; mass spectrometry ok",Table 2
teabag_024,teabags_fmoc_2021,Tea Bags for Fmoc Solid-Phase Peptide Synthesis: An Example of Circular Economy,https://pmc.ncbi.nlm.nih.gov/articles/PMC8399505/,2021,AQ3306,LKEISLKGNSLS,linear,81.9,crude_hplc,57,crude,%PY from experimental yield and HPLC integration of the main peak,"Tea-bag Fmoc SPPS on 40 mg resin; mass spectrometry ok",Table 2
teabag_025,teabags_fmoc_2021,Tea Bags for Fmoc Solid-Phase Peptide Synthesis: An Example of Circular Economy,https://pmc.ncbi.nlm.nih.gov/articles/PMC8399505/,2021,AQ3307,TIPKLFQLQD,linear,57.3,crude_hplc,29,crude,%PY from experimental yield and HPLC integration of the main peak,"Tea-bag Fmoc SPPS on 40 mg resin; mass spectrometry ok",Table 2
teabag_026,teabags_fmoc_2021,Tea Bags for Fmoc Solid-Phase Peptide Synthesis: An Example of Circular Economy,https://pmc.ncbi.nlm.nih.gov/articles/PMC8399505/,2021,AQ3308,QLDYNYVGDVGVEQ,linear,30.9,crude_hplc,14,crude,%PY from experimental yield and HPLC integration of the main peak,"Tea-bag Fmoc SPPS on 40 mg resin; mass spectrometry ok",Table 2
teabag_027,teabags_fmoc_2021,Tea Bags for Fmoc Solid-Phase Peptide Synthesis: An Example of Circular Economy,https://pmc.ncbi.nlm.nih.gov/articles/PMC8399505/,2021,AQ3309,AKLEVEHLKLTYSNI,linear,46.1,crude_hplc,25,crude,%PY from experimental yield and HPLC integration of the main peak,"Tea-bag Fmoc SPPS on 40 mg resin; mass spectrometry ok",Table 2
teabag_028,teabags_fmoc_2021,Tea Bags for Fmoc Solid-Phase Peptide Synthesis: An Example of Circular Economy,https://pmc.ncbi.nlm.nih.gov/articles/PMC8399505/,2021,AQ3310,IEKGIQSEHFQKIALF,linear,83.4,crude_hplc,39,crude,%PY from experimental yield and HPLC integration of the main peak,"Tea-bag Fmoc SPPS on 40 mg resin; mass spectrometry ok",Table 2
teabag_029,teabags_fmoc_2021,Tea Bags for Fmoc Solid-Phase Peptide Synthesis: An Example of Circular Economy,https://pmc.ncbi.nlm.nih.gov/articles/PMC8399505/,2021,AQ3311,KLKPKVKQKSIRI,linear,95.0,crude_hplc,54,crude,%PY from experimental yield and HPLC integration of the main peak,"Tea-bag Fmoc SPPS on 40 mg resin; mass spectrometry ok",Table 2
teabag_030,teabags_fmoc_2021,Tea Bags for Fmoc Solid-Phase Peptide Synthesis: An Example of Circular Economy,https://pmc.ncbi.nlm.nih.gov/articles/PMC8399505/,2021,AQ3312,HTGSVRSLSN,linear,48.3,crude_hplc,42,crude,%PY from experimental yield and HPLC integration of the main peak,"Tea-bag Fmoc SPPS on 40 mg resin; mass spectrometry ok",Table 2
teabag_031,teabags_fmoc_2021,Tea Bags for Fmoc Solid-Phase Peptide Synthesis: An Example of Circular Economy,https://pmc.ncbi.nlm.nih.gov/articles/PMC8399505/,2021,AQ3313,SPTDVHKQYAIVFKTPPYHS,linear,78.7,crude_hplc,32,crude,%PY from experimental yield and HPLC integration of the main peak,"Tea-bag Fmoc SPPS on 40 mg resin; mass spectrometry ok",Table 2
teabag_032,teabags_fmoc_2021,Tea Bags for Fmoc Solid-Phase Peptide Synthesis: An Example of Circular Economy,https://pmc.ncbi.nlm.nih.gov/articles/PMC8399505/,2021,AQ3314,QQHKVLDKLNHLSQTP,linear,97.5,crude_hplc,76,crude,%PY from experimental yield and HPLC integration of the main peak,"Tea-bag Fmoc SPPS on 40 mg resin; mass spectrometry ok",Table 2
teabag_033,teabags_fmoc_2021,Tea Bags for Fmoc Solid-Phase Peptide Synthesis: An Example of Circular Economy,https://pmc.ncbi.nlm.nih.gov/articles/PMC8399505/,2021,AQ3315,TPFDLTKSQKVRDLLDP,linear,75.5,crude_hplc,39,crude,%PY from experimental yield and HPLC integration of the main peak,"Tea-bag Fmoc SPPS on 40 mg resin; mass spectrometry ok",Table 2
teabag_034,teabags_fmoc_2021,Tea Bags for Fmoc Solid-Phase Peptide Synthesis: An Example of Circular Economy,https://pmc.ncbi.nlm.nih.gov/articles/PMC8399505/,2021,AQ3318,RPSPPAFADDQLAASK,linear,72.8,crude_hplc,57,crude,%PY from experimental yield and HPLC integration of the main peak,"Tea-bag Fmoc SPPS on 40 mg resin; mass spectrometry ok",Table 2
teabag_035,teabags_fmoc_2021,Tea Bags for Fmoc Solid-Phase Peptide Synthesis: An Example of Circular Economy,https://pmc.ncbi.nlm.nih.gov/articles/PMC8399505/,2021,AQ3319,YFKLENIYVKELSVGR,linear,40.4,crude_hplc,40,crude,%PY from experimental yield and HPLC integration of the main peak,"Tea-bag Fmoc SPPS on 40 mg resin; mass spectrometry ok",Table 2
teabag_036,teabags_fmoc_2021,Tea Bags for Fmoc Solid-Phase Peptide Synthesis: An Example of Circular Economy,https://pmc.ncbi.nlm.nih.gov/articles/PMC8399505/,2021,AQ3320,GSVGLPLLKSDDIKLVNT,linear,46.8,crude_hplc,49,crude,%PY from experimental yield and HPLC integration of the main peak,"Tea-bag Fmoc SPPS on 40 mg resin; mass spectrometry ok",Table 2
teabag_037,teabags_fmoc_2021,Tea Bags for Fmoc Solid-Phase Peptide Synthesis: An Example of Circular Economy,https://pmc.ncbi.nlm.nih.gov/articles/PMC8399505/,2021,AQ3321,TPVKSSKLDVFSEVYS,linear,55.1,crude_hplc,38,crude,%PY from experimental yield and HPLC integration of the main peak,"Tea-bag Fmoc SPPS on 40 mg resin; mass spectrometry ok",Table 2
teabag_038,teabags_fmoc_2021,Tea Bags for Fmoc Solid-Phase Peptide Synthesis: An Example of Circular Economy,https://pmc.ncbi.nlm.nih.gov/articles/PMC8399505/,2021,AQ3322,DPGLVSANFPVSGSVQTE,linear,98.8,crude_hplc,64,crude,%PY from experimental yield and HPLC integration of the main peak,"Tea-bag Fmoc SPPS on 40 mg resin; mass spectrometry ok",Table 2
teabag_039,teabags_fmoc_2021,Tea Bags for Fmoc Solid-Phase Peptide Synthesis: An Example of Circular Economy,https://pmc.ncbi.nlm.nih.gov/articles/PMC8399505/,2021,AQ3323,TTAYFQSSYLKS,linear,68.2,crude_hplc,46,crude,%PY from experimental yield and HPLC integration of the main peak,"Tea-bag Fmoc SPPS on 40 mg resin; mass spectrometry ok",Table 2
teabag_040,teabags_fmoc_2021,Tea Bags for Fmoc Solid-Phase Peptide Synthesis: An Example of Circular Economy,https://pmc.ncbi.nlm.nih.gov/articles/PMC8399505/,2021,AQ3324,SNQKVLRESEA,linear,56.4,crude_hplc,48,crude,%PY from experimental yield and HPLC integration of the main peak,"Tea-bag Fmoc SPPS on 40 mg resin; mass spectrometry ok",Table 2
teabag_041,teabags_fmoc_2021,Tea Bags for Fmoc Solid-Phase Peptide Synthesis: An Example of Circular Economy,https://pmc.ncbi.nlm.nih.gov/articles/PMC8399505/,2021,AQ3325,NDTVSAPSQP,linear,68.7,crude_hplc,56,crude,%PY from experimental yield and HPLC integration of the main peak,"Tea-bag Fmoc SPPS on 40 mg resin; mass spectrometry ok",Table 2
teabag_042,teabags_fmoc_2021,Tea Bags for Fmoc Solid-Phase Peptide Synthesis: An Example of Circular Economy,https://pmc.ncbi.nlm.nih.gov/articles/PMC8399505/,2021,AQ3326,RPSRYLS,linear,90.2,crude_hplc,80,crude,%PY from experimental yield and HPLC integration of the main peak,"Tea-bag Fmoc SPPS on 40 mg resin; mass spectrometry ok",Table 2
teabag_043,teabags_fmoc_2021,Tea Bags for Fmoc Solid-Phase Peptide Synthesis: An Example of Circular Economy,https://pmc.ncbi.nlm.nih.gov/articles/PMC8399505/,2021,AQ3327,NLIKSKRIGQVLQ,linear,92.4,crude_hplc,53,crude,%PY from experimental yield and HPLC integration of the main peak,"Tea-bag Fmoc SPPS on 40 mg resin; mass spectrometry ok",Table 2
teabag_044,teabags_fmoc_2021,Tea Bags for Fmoc Solid-Phase Peptide Synthesis: An Example of Circular Economy,https://pmc.ncbi.nlm.nih.gov/articles/PMC8399505/,2021,AQ3328,TPSSLLSPILQNQ,linear,71.3,crude_hplc,49,crude,%PY from experimental yield and HPLC integration of the main peak,"Tea-bag Fmoc SPPS on 40 mg resin; mass spectrometry ok",Table 2
teabag_045,teabags_fmoc_2021,Tea Bags for Fmoc Solid-Phase Peptide Synthesis: An Example of Circular Economy,https://pmc.ncbi.nlm.nih.gov/articles/PMC8399505/,2021,AQ3329,SPSESYSVSN,linear,81.0,crude_hplc,64,crude,%PY from experimental yield and HPLC integration of the main peak,"Tea-bag Fmoc SPPS on 40 mg resin; mass spectrometry ok",Table 2
teabag_046,teabags_fmoc_2021,Tea Bags for Fmoc Solid-Phase Peptide Synthesis: An Example of Circular Economy,https://pmc.ncbi.nlm.nih.gov/articles/PMC8399505/,2021,AQ3330,AIRSLSLQKTQL,linear,33.4,crude_hplc,29,crude,%PY from experimental yield and HPLC integration of the main peak,"Tea-bag Fmoc SPPS on 40 mg resin; mass spectrometry ok",Table 2
teabag_047,teabags_fmoc_2021,Tea Bags for Fmoc Solid-Phase Peptide Synthesis: An Example of Circular Economy,https://pmc.ncbi.nlm.nih.gov/articles/PMC8399505/,2021,AQ3331,QAVAAAVASKIVG,linear,45.2,crude_hplc,34,crude,%PY from experimental yield and HPLC integration of the main peak,"Tea-bag Fmoc SPPS on 40 mg resin; mass spectrometry ok",Table 2
teabag_048,teabags_fmoc_2021,Tea Bags for Fmoc Solid-Phase Peptide Synthesis: An Example of Circular Economy,https://pmc.ncbi.nlm.nih.gov/articles/PMC8399505/,2021,AQ3332,KSRFTVKPYIKRLQL,linear,53.1,crude_hplc,62,crude,%PY from experimental yield and HPLC integration of the main peak,"Tea-bag Fmoc SPPS on 40 mg resin; mass spectrometry ok",Table 2
teabag_049,teabags_fmoc_2021,Tea Bags for Fmoc Solid-Phase Peptide Synthesis: An Example of Circular Economy,https://pmc.ncbi.nlm.nih.gov/articles/PMC8399505/,2021,AQ3333,ARDFVEKAFRDGLIS,linear,63.3,crude_hplc,45,crude,%PY from experimental yield and HPLC integration of the main peak,"Tea-bag Fmoc SPPS on 40 mg resin; mass spectrometry ok",Table 2
teabag_050,teabags_fmoc_2021,Tea Bags for Fmoc Solid-Phase Peptide Synthesis: An Example of Circular Economy,https://pmc.ncbi.nlm.nih.gov/articles/PMC8399505/,2021,AQ3334,KGSESQKSSQTLD,linear,54.4,crude_hplc,54,crude,%PY from experimental yield and HPLC integration of the main peak,"Tea-bag Fmoc SPPS on 40 mg resin; mass spectrometry ok",Table 2
sulfotyrosine_001,sulfotyrosine_psc_2016,A Simple and Flexible Synthesis of Sulfotyrosine-Containing Peptides,https://analyticalsciencejournals.onlinelibrary.wiley.com/doi/10.1002/psc.2868,2016,22 Tyr(SO3H),YIYTQ,linear,98.3,purified_hplc,29.1,isolated,isolated yield after HPLC purification,"Fmoc SPPS with sulfotyrosine-containing peptide; RP-HPLC purification",Table 4 summary in search snippet
sulfotyrosine_002,sulfotyrosine_psc_2016,A Simple and Flexible Synthesis of Sulfotyrosine-Containing Peptides,https://analyticalsciencejournals.onlinelibrary.wiley.com/doi/10.1002/psc.2868,2016,23 Tyr(SO3H),DAYL,linear,99.5,purified_hplc,24.4,isolated,isolated yield after HPLC purification,"Fmoc SPPS with sulfotyrosine-containing peptide; RP-HPLC purification",Table 4 summary in search snippet
sulfotyrosine_003,sulfotyrosine_psc_2016,A Simple and Flexible Synthesis of Sulfotyrosine-Containing Peptides,https://analyticalsciencejournals.onlinelibrary.wiley.com/doi/10.1002/psc.2868,2016,24 Tyr(SO3H),DYMGWMDF,linear,99.0,purified_hplc,17.0,isolated,isolated yield after HPLC purification,"Fmoc SPPS with sulfotyrosine-containing peptide; RP-HPLC purification",Table 4 summary in search snippet
sulfotyrosine_004,sulfotyrosine_psc_2016,A Simple and Flexible Synthesis of Sulfotyrosine-Containing Peptides,https://analyticalsciencejournals.onlinelibrary.wiley.com/doi/10.1002/psc.2868,2016,25 Tyr(SO3H),LDYDF,linear,98.8,purified_hplc,27.0,isolated,isolated yield after HPLC purification,"Fmoc SPPS with sulfotyrosine-containing peptide; RP-HPLC purification",Table 4 summary in search snippet
sulfotyrosine_005,sulfotyrosine_psc_2016,A Simple and Flexible Synthesis of Sulfotyrosine-Containing Peptides,https://analyticalsciencejournals.onlinelibrary.wiley.com/doi/10.1002/psc.2868,2016,26 Tyr(SO3H),DYMGWMDF,linear,99.4,purified_hplc,17.5,isolated,isolated yield after HPLC purification,"Fmoc SPPS with sulfotyrosine-containing peptide amide; RP-HPLC purification",Table 4 summary in search snippet
sulfotyrosine_006,sulfotyrosine_psc_2016,A Simple and Flexible Synthesis of Sulfotyrosine-Containing Peptides,https://analyticalsciencejournals.onlinelibrary.wiley.com/doi/10.1002/psc.2868,2016,27 Tyr(SO3H),DYMGMDF,linear,97.7,purified_hplc,16.7,isolated,isolated yield after HPLC purification,"Fmoc SPPS with sulfotyrosine-containing peptide amide; RP-HPLC purification",Table 4 summary in search snippet
stapled_001,stapled_bcl9_2025,Development of a straightforward synthesis route to hydrocarbon stapled BCL9 alpha-helical peptides with improved Wnt/β-catenin inhibitory activity,https://pubs.rsc.org/en/content/articlelanding/2025/cb/d4cb00368d,2025,Peptide 4,RMQLLSQTVM-A-SN-KKDSY-L-LDNE-L,stapled,96.1,purified_hplc,9.2,isolated,isolated yield following RP-HPLC based on initial resin loading,"Microwave-assisted SPPS; hydrocarbon stapled alpha-helical peptide; RP-HPLC purification",Table 1 summary in search snippet
stapled_002,stapled_bcl9_2025,Development of a straightforward synthesis route to hydrocarbon stapled BCL9 alpha-helical peptides with improved Wnt/β-catenin inhibitory activity,https://pubs.rsc.org/en/content/articlelanding/2025/cb/d4cb00368d,2025,Peptide 7,RMQLLSQTVM-A-SN-THA-L-LDNE-L,stapled,96.7,purified_hplc,12.0,isolated,isolated yield following RP-HPLC based on initial resin loading,"Microwave-assisted SPPS; hydrocarbon stapled alpha-helical peptide; RP-HPLC purification",Table 1 summary in search snippet
stapled_003,stapled_bcl9_2025,Development of a straightforward synthesis route to hydrocarbon stapled BCL9 alpha-helical peptides with improved Wnt/β-catenin inhibitory activity,https://pubs.rsc.org/en/content/articlelanding/2025/cb/d4cb00368d,2025,Peptide 10,RMQLLSQTVM-SN-KKDSY-A-LDNE-L,stapled,98.3,purified_hplc,8.7,isolated,isolated yield following RP-HPLC based on initial resin loading,"Microwave-assisted SPPS; hydrocarbon stapled alpha-helical peptide; RP-HPLC purification",Table 1 summary in search snippet
stapled_004,stapled_bcl9_2025,Development of a straightforward synthesis route to hydrocarbon stapled BCL9 alpha-helical peptides with improved Wnt/β-catenin inhibitory activity,https://pubs.rsc.org/en/content/articlelanding/2025/cb/d4cb00368d,2025,Peptide 13,RMQLLSQTVM-THA-KKDSY-A-LDNE-L,stapled,96.3,purified_hplc,4.3,isolated,isolated yield following RP-HPLC based on initial resin loading,"Microwave-assisted SPPS; hydrocarbon stapled alpha-helical peptide; RP-HPLC purification",Table 1 summary in search snippet
segetalin_001,segetalins_bjoc_2025,Efficient solid-phase synthesis and structural characterization of segetalins A-H J and K,https://www.beilstein-journals.org/bjoc/articles/21/202,2025,Linear precursor 1 for segetalin A (A(OAll) side chain),GVPVWA,linear,,unknown,89,crude,yield of crude linear peptide,"Fmoc SPPS on 2-chlorotrityl chloride resin; side-chain protected linear precursor",Table 1
segetalin_002,segetalins_bjoc_2025,Efficient solid-phase synthesis and structural characterization of segetalins A-H J and K,https://www.beilstein-journals.org/bjoc/articles/21/202,2025,Linear precursor 2 for segetalin B (A(OAll) side chain),GVPVWA,linear,,unknown,79,crude,yield of crude linear peptide,"Fmoc SPPS on 2-chlorotrityl chloride resin; side-chain protected linear precursor",Table 1
segetalin_003,segetalins_bjoc_2025,Efficient solid-phase synthesis and structural characterization of segetalins A-H J and K,https://www.beilstein-journals.org/bjoc/articles/21/202,2025,Linear precursor 3 for segetalin C (V(CHO) position variant),GVPVWA,linear,,unknown,69,crude,yield of crude linear peptide,"Fmoc SPPS on 2-chlorotrityl chloride resin; side-chain protected linear precursor",Table 1
segetalin_004,segetalins_bjoc_2025,Efficient solid-phase synthesis and structural characterization of segetalins A-H J and K,https://www.beilstein-journals.org/bjoc/articles/21/202,2025,Linear precursor 4 for segetalin D (A(OMe) side chain),GVPVWA,linear,,unknown,77,crude,yield of crude linear peptide,"Fmoc SPPS on 2-chlorotrityl chloride resin; side-chain protected linear precursor",Table 1
segetalin_005,segetalins_bjoc_2025,Efficient solid-phase synthesis and structural characterization of segetalins A-H J and K,https://www.beilstein-journals.org/bjoc/articles/21/202,2025,Linear precursor 5 for segetalin E (A(OEt) side chain),GVPVWA,linear,,unknown,84,crude,yield of crude linear peptide,"Fmoc SPPS on 2-chlorotrityl chloride resin; side-chain protected linear precursor",Table 1
segetalin_006,segetalins_bjoc_2025,Efficient solid-phase synthesis and structural characterization of segetalins A-H J and K,https://www.beilstein-journals.org/bjoc/articles/21/202,2025,Linear precursor 6 for segetalin F (A(OiPr) side chain),GVPVWA,linear,,unknown,74,crude,yield of crude linear peptide,"Fmoc SPPS on 2-chlorotrityl chloride resin; side-chain protected linear precursor",Table 1
segetalin_007,segetalins_bjoc_2025,Efficient solid-phase synthesis and structural characterization of segetalins A-H J and K,https://www.beilstein-journals.org/bjoc/articles/21/202,2025,Linear precursor 7 for segetalin G (A(OnBu) side chain),GVPVWA,linear,,unknown,89,crude,yield of crude linear peptide,"Fmoc SPPS on 2-chlorotrityl chloride resin; side-chain protected linear precursor",Table 1
segetalin_008,segetalins_bjoc_2025,Efficient solid-phase synthesis and structural characterization of segetalins A-H J and K,https://www.beilstein-journals.org/bjoc/articles/21/202,2025,Linear precursor 8 for segetalin H (A(OnPent) side chain),GVPVWA,linear,,unknown,82,crude,yield of crude linear peptide,"Fmoc SPPS on 2-chlorotrityl chloride resin; side-chain protected linear precursor",Table 1
segetalin_009,segetalins_bjoc_2025,Efficient solid-phase synthesis and structural characterization of segetalins A-H J and K,https://www.beilstein-journals.org/bjoc/articles/21/202,2025,Linear precursor 9 for segetalin J (A(OnHex) side chain),GVPVWA,linear,,unknown,86,crude,yield of crude linear peptide,"Fmoc SPPS on 2-chlorotrityl chloride resin; side-chain protected linear precursor",Table 1
segetalin_010,segetalins_bjoc_2025,Efficient solid-phase synthesis and structural characterization of segetalins A-H J and K,https://www.beilstein-journals.org/bjoc/articles/21/202,2025,Linear precursor 10 for segetalin K (A(OnDec) side chain),GVPVWA,linear,,unknown,87,crude,yield of crude linear peptide,"Fmoc SPPS on 2-chlorotrityl chloride resin; side-chain protected linear precursor",Table 1
hbd3_001,hbd3_fmoc_2022,Improving Fmoc SPPS of Human Beta Defensin 3,https://pmc.ncbi.nlm.nih.gov/articles/PMC9603898/,2022,HBD-3 purified linear (Wang resin),GIINTLQKYYCRVRGGRCAVLSCLPKEEQIGKCSTRGRKCCRRKK,linear,,unknown,10.1,isolated,isolated peptide after purification,"Fmoc SPPS on Wang resin; canonical mature HBD-3 sequence used for feature extraction",Table 1 Yield [%]
hbd3_002,hbd3_fmoc_2022,Improving Fmoc SPPS of Human Beta Defensin 3,https://pmc.ncbi.nlm.nih.gov/articles/PMC9603898/,2022,HBD-3 purified linear (TentaGel S PHB resin),GIINTLQKYYCRVRGGRCAVLSCLPKEEQIGKCSTRGRKCCRRKK,linear,,unknown,22.2,isolated,isolated peptide after purification,"Fmoc SPPS on TentaGel S PHB resin; canonical mature HBD-3 sequence used for feature extraction",Table 1 Yield [%]
hbd3_003,hbd3_fmoc_2022,Improving Fmoc SPPS of Human Beta Defensin 3,https://pmc.ncbi.nlm.nih.gov/articles/PMC9603898/,2022,HBD-3 purified linear (HMPB-ChemMatrix resin),GIINTLQKYYCRVRGGRCAVLSCLPKEEQIGKCSTRGRKCCRRKK,linear,,unknown,25.5,isolated,isolated peptide after purification,"Fmoc SPPS on HMPB-ChemMatrix resin; canonical mature HBD-3 sequence used for feature extraction",Table 1 Yield [%]
hbd3_004,hbd3_fmoc_2022,Improving Fmoc SPPS of Human Beta Defensin 3,https://pmc.ncbi.nlm.nih.gov/articles/PMC9603898/,2022,HBD-3 purified linear (ChemMatrix + pseudoproline blocks),GIINTLQKYYCRVRGGRCAVLSCLPKEEQIGKCSTRGRKCCRRKK,linear,,unknown,38.4,isolated,isolated peptide after purification,"Fmoc SPPS on ChemMatrix resin with pseudoproline building blocks; canonical mature HBD-3 sequence used for feature extraction",Table 1 Yield [%]
hbd3_005,hbd3_fmoc_2022,Improving Fmoc SPPS of Human Beta Defensin 3,https://pmc.ncbi.nlm.nih.gov/articles/PMC9603898/,2022,"[Sec18,33]HBD-3 purified linear",GIINTLQKYYCRVRGGRCAVLSCLPKEEQIGKCSTRGRKCCRRKK,linear,,unknown,10.6,isolated,isolated peptide after purification,"Fmoc SPPS with selenocysteine strategy; canonical native HBD-3 backbone used for feature extraction",Table 1 Yield [%]
hbd3_006,hbd3_fmoc_2022,Improving Fmoc SPPS of Human Beta Defensin 3,https://pmc.ncbi.nlm.nih.gov/articles/PMC9603898/,2022,HBD-3 purified linear (Mmt/Trt/Acm Cys protection),GIINTLQKYYCRVRGGRCAVLSCLPKEEQIGKCSTRGRKCCRRKK,linear,,unknown,5.4,isolated,isolated peptide after purification,"Fmoc SPPS with Mmt/Trt/Acm orthogonal Cys protections; canonical mature HBD-3 sequence used for feature extraction",Table 1 Yield [%]
hbd3_007,hbd3_fmoc_2022,Improving Fmoc SPPS of Human Beta Defensin 3,https://pmc.ncbi.nlm.nih.gov/articles/PMC9603898/,2022,HBD-3 native peptide (Wang resin),GIINTLQKYYCRVRGGRCAVLSCLPKEEQIGKCSTRGRKCCRRKK,disulfide,,unknown,0.82,isolated,isolated peptide after oxidative folding,"Oxidative folding after Wang-resin linear precursor synthesis; canonical mature HBD-3 sequence used for feature extraction",Table 1 Yield [%]
hbd3_008,hbd3_fmoc_2022,Improving Fmoc SPPS of Human Beta Defensin 3,https://pmc.ncbi.nlm.nih.gov/articles/PMC9603898/,2022,HBD-3 native peptide (TentaGel S PHB resin),GIINTLQKYYCRVRGGRCAVLSCLPKEEQIGKCSTRGRKCCRRKK,disulfide,,unknown,0.73,isolated,isolated peptide after oxidative folding,"Oxidative folding after TentaGel-resin linear precursor synthesis; canonical mature HBD-3 sequence used for feature extraction",Table 1 Yield [%]
hbd3_009,hbd3_fmoc_2022,Improving Fmoc SPPS of Human Beta Defensin 3,https://pmc.ncbi.nlm.nih.gov/articles/PMC9603898/,2022,HBD-3 native peptide (HMPB-ChemMatrix resin),GIINTLQKYYCRVRGGRCAVLSCLPKEEQIGKCSTRGRKCCRRKK,disulfide,,unknown,1.3,isolated,isolated peptide after oxidative folding,"Oxidative folding after HMPB-ChemMatrix linear precursor synthesis; canonical mature HBD-3 sequence used for feature extraction",Table 1 Yield [%]
hbd3_010,hbd3_fmoc_2022,Improving Fmoc SPPS of Human Beta Defensin 3,https://pmc.ncbi.nlm.nih.gov/articles/PMC9603898/,2022,HBD-3 native peptide (ChemMatrix + pseudoproline blocks),GIINTLQKYYCRVRGGRCAVLSCLPKEEQIGKCSTRGRKCCRRKK,disulfide,,unknown,3.6,isolated,isolated peptide after oxidative folding,"Oxidative folding after ChemMatrix+pseudoproline linear precursor synthesis; canonical mature HBD-3 sequence used for feature extraction",Table 1 Yield [%]
hbd3_011,hbd3_fmoc_2022,Improving Fmoc SPPS of Human Beta Defensin 3,https://pmc.ncbi.nlm.nih.gov/articles/PMC9603898/,2022,"[Sec18,33]HBD-3 native peptide",GIINTLQKYYCRVRGGRCAVLSCLPKEEQIGKCSTRGRKCCRRKK,disulfide,,unknown,13.5,isolated,isolated peptide after oxidative folding,"Selenocysteine-assisted oxidative folding route; canonical native HBD-3 backbone used for feature extraction",Table 1 Yield [%]
hbd3_012,hbd3_fmoc_2022,Improving Fmoc SPPS of Human Beta Defensin 3,https://pmc.ncbi.nlm.nih.gov/articles/PMC9603898/,2022,HBD-3 native peptide (Mmt/Trt/Acm Cys protection),GIINTLQKYYCRVRGGRCAVLSCLPKEEQIGKCSTRGRKCCRRKK,disulfide,,unknown,0.44,isolated,isolated peptide after oxidative folding,"Orthogonal Cys protection route with Mmt/Trt/Acm; canonical mature HBD-3 sequence used for feature extraction",Table 1 Yield [%]
oprd_001,continuous_flow_oprd_2024,"Continuous-Flow SPPS to Enable Rapid, Multigram Deliveries of Peptides",https://pubs.acs.org/doi/10.1021/acs.oprd.4c00165,2024,"Thymopentin I (1a, v=17.7 cm/s)",RKDVY,linear,95.9,crude_hplc,77.4,isolated,isolated yield in Table 3,"Continuous-flow SPPS; linear velocity 17.7 cm/s",Table 3 values from ACS search snippet
oprd_002,continuous_flow_oprd_2024,"Continuous-Flow SPPS to Enable Rapid, Multigram Deliveries of Peptides",https://pubs.acs.org/doi/10.1021/acs.oprd.4c00165,2024,"Thymopentin I (1b, v=6.5 cm/s)",RKDVY,linear,95.8,crude_hplc,82.8,isolated,isolated yield in Table 3,"Continuous-flow SPPS; linear velocity 6.5 cm/s",Table 3 values from ACS search snippet
oprd_003,continuous_flow_oprd_2024,"Continuous-Flow SPPS to Enable Rapid, Multigram Deliveries of Peptides",https://pubs.acs.org/doi/10.1021/acs.oprd.4c00165,2024,"Thymopentin I (1c, v=9.0 cm/s)",RKDVY,linear,96.6,crude_hplc,85.5,isolated,isolated yield in Table 3,"Continuous-flow SPPS; linear velocity 9.0 cm/s",Table 3 values from ACS search snippet
oprd_004,continuous_flow_oprd_2024,"Continuous-Flow SPPS to Enable Rapid, Multigram Deliveries of Peptides",https://pubs.acs.org/doi/10.1021/acs.oprd.4c00165,2024,"Thymopentin I (1d, v=13.0 cm/s)",RKDVY,linear,96.4,crude_hplc,84.5,isolated,isolated yield in Table 3,"Continuous-flow SPPS; linear velocity 13.0 cm/s",Table 3 values from accessible ACS snippet (pending SI/full-table line-by-line reconfirmation)
oprd_005,continuous_flow_oprd_2024,"Continuous-Flow SPPS to Enable Rapid, Multigram Deliveries of Peptides",https://pubs.acs.org/doi/10.1021/acs.oprd.4c00165,2024,"Thymopentin I (1e, v=11.3 cm/s)",RKDVY,linear,95.9,crude_hplc,84.8,isolated,isolated yield in Table 3,"Continuous-flow SPPS; linear velocity 11.3 cm/s",Table 3 values from accessible ACS snippet (pending SI/full-table line-by-line reconfirmation)
oprd_006,continuous_flow_oprd_2024,"Continuous-Flow SPPS to Enable Rapid, Multigram Deliveries of Peptides",https://pubs.acs.org/doi/10.1021/acs.oprd.4c00165,2024,"Thymopentin I (1f, v=8.4 cm/s)",RKDVY,linear,96.5,crude_hplc,86.6,isolated,isolated yield in Table 3,"Continuous-flow SPPS; linear velocity 8.4 cm/s",Table 3 values from accessible ACS snippet (pending SI/full-table line-by-line reconfirmation)
pec_001,parallel_pec_2021,Parallel Peptide Purification with Catching Full-Length Sequence by Reversed-Phase Supports via a Traceless Linker System,https://pmc.ncbi.nlm.nih.gov/articles/PMC8179278/,2021,P6,H-GWVKPIIIGHHAYGDQYRAT-NH2,linear,93,purified_hplc,45,recovery,recovery after PEC purification,"Parallel peptide purification after Fmoc SPPS; final purity and recovery from Table 2",PMC Table 2
pec_002,parallel_pec_2021,Parallel Peptide Purification with Catching Full-Length Sequence by Reversed-Phase Supports via a Traceless Linker System,https://pmc.ncbi.nlm.nih.gov/articles/PMC8179278/,2021,P7,H-TLYEQEIEV-NH2,linear,94,purified_hplc,56,recovery,recovery after PEC purification,"Parallel peptide purification after Fmoc SPPS; final purity and recovery from Table 2",PMC Table 2
pec_003,parallel_pec_2021,Parallel Peptide Purification with Catching Full-Length Sequence by Reversed-Phase Supports via a Traceless Linker System,https://pmc.ncbi.nlm.nih.gov/articles/PMC8179278/,2021,P8,H-HGSRKNITDMVEGAKKANG-NH2,linear,91,purified_hplc,52,recovery,recovery after PEC purification,"Parallel peptide purification after Fmoc SPPS; final purity and recovery from Table 2",PMC Table 2
pec_004,parallel_pec_2021,Parallel Peptide Purification with Catching Full-Length Sequence by Reversed-Phase Supports via a Traceless Linker System,https://pmc.ncbi.nlm.nih.gov/articles/PMC8179278/,2021,P9,H-SLLNQPKAV-NH2,linear,99,purified_hplc,100,recovery,recovery after PEC purification,"Parallel peptide purification after Fmoc SPPS; final purity and recovery from Table 2",PMC Table 2
pec_005,parallel_pec_2021,Parallel Peptide Purification with Catching Full-Length Sequence by Reversed-Phase Supports via a Traceless Linker System,https://pmc.ncbi.nlm.nih.gov/articles/PMC8179278/,2021,P10,H-EDPYLFELPVLKYLDMGTT-NH2,linear,66,purified_hplc,73,recovery,recovery after PEC purification,"Parallel peptide purification after Fmoc SPPS; final purity and recovery from Table 2",PMC Table 2
pec_006,parallel_pec_2021,Parallel Peptide Purification with Catching Full-Length Sequence by Reversed-Phase Supports via a Traceless Linker System,https://pmc.ncbi.nlm.nih.gov/articles/PMC8179278/,2021,P11,H-ALAVLSNYDA-NH2,linear,92,purified_hplc,93,recovery,recovery after PEC purification,"Parallel peptide purification after Fmoc SPPS; final purity and recovery from Table 2",PMC Table 2
pec_007,parallel_pec_2021,Parallel Peptide Purification with Catching Full-Length Sequence by Reversed-Phase Supports via a Traceless Linker System,https://pmc.ncbi.nlm.nih.gov/articles/PMC8179278/,2021,P12,TMEDKIYDQQVTKQCLCF,linear,98,purified_hplc,69,recovery,recovery after PEC purification,"Parallel peptide purification after Fmoc SPPS; Table 2 P12 sequence normalized to canonical residues for feature extraction",PMC Table 2
pec_008,parallel_pec_2021,Parallel Peptide Purification with Catching Full-Length Sequence by Reversed-Phase Supports via a Traceless Linker System,https://pmc.ncbi.nlm.nih.gov/articles/PMC8179278/,2021,P13,H-YSYPETPLYMQTASTSYYE-NH2,linear,69,purified_hplc,69,recovery,recovery after PEC purification,"Parallel peptide purification after Fmoc SPPS; final purity and recovery from Table 2",PMC Table 2
pec_009,parallel_pec_2021,Parallel Peptide Purification with Catching Full-Length Sequence by Reversed-Phase Supports via a Traceless Linker System,https://pmc.ncbi.nlm.nih.gov/articles/PMC8179278/,2021,P14,H-KVGYTERQRWDFLSEASIM-NH2,linear,99,purified_hplc,81,recovery,recovery after PEC purification,"Parallel peptide purification after Fmoc SPPS; final purity and recovery from Table 2",PMC Table 2
pec_010,parallel_pec_2021,Parallel Peptide Purification with Catching Full-Length Sequence by Reversed-Phase Supports via a Traceless Linker System,https://pmc.ncbi.nlm.nih.gov/articles/PMC8179278/,2021,P15,H-RLRMREHMMKNVDTNQD-NH2,linear,99,purified_hplc,76,recovery,recovery after PEC purification,"Parallel peptide purification after Fmoc SPPS; final purity and recovery from Table 2",PMC Table 2
pec_011,parallel_pec_2021,Parallel Peptide Purification with Catching Full-Length Sequence by Reversed-Phase Supports via a Traceless Linker System,https://pmc.ncbi.nlm.nih.gov/articles/PMC8179278/,2021,P16,H-VYEKNGYIYF-NH2,linear,98,purified_hplc,90,recovery,recovery after PEC purification,"Parallel peptide purification after Fmoc SPPS; final purity and recovery from Table 2",PMC Table 2
pec_012,parallel_pec_2021,Parallel Peptide Purification with Catching Full-Length Sequence by Reversed-Phase Supports via a Traceless Linker System,https://pmc.ncbi.nlm.nih.gov/articles/PMC8179278/,2021,P17,ALAVLCNYDA,linear,85,purified_hplc,81,recovery,recovery after PEC purification,"Parallel peptide purification after Fmoc SPPS; Table 2 P17 sequence normalized to canonical residues for feature extraction",PMC Table 2
pec_013,parallel_pec_2021,Parallel Peptide Purification with Catching Full-Length Sequence by Reversed-Phase Supports via a Traceless Linker System,https://pmc.ncbi.nlm.nih.gov/articles/PMC8179278/,2021,P18,H-ALVPPSKRKMWVVSPAEKA-NH2,linear,99,purified_hplc,72,recovery,recovery after PEC purification,"Parallel peptide purification after Fmoc SPPS; final purity and recovery from Table 2",PMC Table 2
pec_014,parallel_pec_2021,Parallel Peptide Purification with Catching Full-Length Sequence by Reversed-Phase Supports via a Traceless Linker System,https://pmc.ncbi.nlm.nih.gov/articles/PMC8179278/,2021,P19,H-ISTPTPTIVHPGSLPLHLG-NH2,linear,90,purified_hplc,60,recovery,recovery after PEC purification,"Parallel peptide purification after Fmoc SPPS; final purity and recovery from Table 2",PMC Table 2
pec_015,parallel_pec_2021,Parallel Peptide Purification with Catching Full-Length Sequence by Reversed-Phase Supports via a Traceless Linker System,https://pmc.ncbi.nlm.nih.gov/articles/PMC8179278/,2021,P20,H-IVQENNTPGTYLLSVSARD-NH2,linear,81,purified_hplc,69,recovery,recovery after PEC purification,"Parallel peptide purification after Fmoc SPPS; final purity and recovery from Table 2",PMC Table 2
pec_016,parallel_pec_2021,Parallel Peptide Purification with Catching Full-Length Sequence by Reversed-Phase Supports via a Traceless Linker System,https://pmc.ncbi.nlm.nih.gov/articles/PMC8179278/,2021,P21,H-RFHMKVSVYLLAPLREALS-NH2,linear,99,purified_hplc,57,recovery,recovery after PEC purification,"Parallel peptide purification after Fmoc SPPS; final purity and recovery from Table 2",PMC Table 2
pec_017,parallel_pec_2021,Parallel Peptide Purification with Catching Full-Length Sequence by Reversed-Phase Supports via a Traceless Linker System,https://pmc.ncbi.nlm.nih.gov/articles/PMC8179278/,2021,P22,H-ENLKQNDISAEFTYQTKDA-NH2,linear,90,purified_hplc,82,recovery,recovery after PEC purification,"Parallel peptide purification after Fmoc SPPS; final purity and recovery from Table 2",PMC Table 2
pec_018,parallel_pec_2021,Parallel Peptide Purification with Catching Full-Length Sequence by Reversed-Phase Supports via a Traceless Linker System,https://pmc.ncbi.nlm.nih.gov/articles/PMC8179278/,2021,P23,H-YMMPVNSEV-NH2,linear,90,purified_hplc,100,recovery,recovery after PEC purification,"Parallel peptide purification after Fmoc SPPS; final purity and recovery from Table 2",PMC Table 2
pec_019,parallel_pec_2021,Parallel Peptide Purification with Catching Full-Length Sequence by Reversed-Phase Supports via a Traceless Linker System,https://pmc.ncbi.nlm.nih.gov/articles/PMC8179278/,2021,P24,H-TNDVKTLADLNGVIEEEFT-NH2,linear,75,purified_hplc,63,recovery,recovery after PEC purification,"Parallel peptide purification after Fmoc SPPS; final purity and recovery from Table 2",PMC Table 2
pec_020,parallel_pec_2021,Parallel Peptide Purification with Catching Full-Length Sequence by Reversed-Phase Supports via a Traceless Linker System,https://pmc.ncbi.nlm.nih.gov/articles/PMC8179278/,2021,P25,H-SAWLFRMWYIFDHNYLKPL-NH2,linear,66,purified_hplc,49,recovery,recovery after PEC purification,"Parallel peptide purification after Fmoc SPPS; final purity and recovery from Table 2",PMC Table 2
peptidelib_001,peptide_purification_transfer_2026,Improvement of Analysis and Transferability in Peptide Purification: From HPLC to FPLC and Back Again,https://pmc.ncbi.nlm.nih.gov/articles/PMC12890753/,2026,P1,RLLQASG,linear,92.9,final_product,32,isolated,isolated peptide mass after purification,FPLC purification with ResiPure Advanced C18 cartridge,Average purity 92.9% mean yield 32.0% across 23 peptides
peptidelib_002,peptide_purification_transfer_2026,Improvement of Analysis and Transferability in Peptide Purification: From HPLC to FPLC and Back Again,https://pmc.ncbi.nlm.nih.gov/articles/PMC12890753/,2026,P7,Ac-RLLQASG-CONH2,linear,95.5,final_product,41.4,isolated,isolated peptide mass after purification,FPLC purification - acetylated peptides,Acetylated peptides purity 95.5% yield 41.4%
peptidelib_003,peptide_purification_transfer_2026,Improvement of Analysis and Transferability in Peptide Purification: From HPLC to FPLC and Back Again,https://pmc.ncbi.nlm.nih.gov/articles/PMC12890753/,2026,P11,RLLNASG,linear,91.1,final_product,25.3,isolated,isolated peptide mass after purification,FPLC purification - non-acetylated,Non-acetylated peptides purity 91.1% yield 25.3%
peptidelib_004,peptide_purification_transfer_2026,Improvement of Analysis and Transferability in Peptide Purification: From HPLC to FPLC and Back Again,https://pmc.ncbi.nlm.nih.gov/articles/PMC12890753/,2026,P20,DRVYIHPFHL,linear,92.9,final_product,32,isolated,isolated peptide mass after purification,FPLC purification,Angiotensin II fragment
peptidelib_005,peptide_purification_transfer_2026,Improvement of Analysis and Transferability in Peptide Purification: From HPLC to FPLC and Back Again,https://pmc.ncbi.nlm.nih.gov/articles/PMC12890753/,2026,P21,DRVYIHPF,linear,92.9,final_product,32,isolated,isolated peptide mass after purification,FPLC purification,Angiotensin fragment
peptidelib_006,peptide_purification_transfer_2026,Improvement of Analysis and Transferability in Peptide Purification: From HPLC to FPLC and Back Again,https://pmc.ncbi.nlm.nih.gov/articles/PMC12890753/,2026,P22,RVYIHPF,linear,92.9,final_product,32,isolated,isolated peptide mass after purification,FPLC purification,Angiotensin fragment
peptidelib_007,peptide_purification_transfer_2026,Improvement of Analysis and Transferability in Peptide Purification: From HPLC to FPLC and Back Again,https://pmc.ncbi.nlm.nih.gov/articles/PMC12890753/,2026,P23,VYIHPF,linear,92.9,final_product,32,isolated,isolated peptide mass after purification,FPLC purification,Angiotensin fragment
elisa_001,elisa_peptides_2024,Table S3 List of soluble peptides used in ELISA experiments,https://www.researchgate.net/publication/294013748,2024,C5,RAEAPQAPSDTPPGN,linear,97,final_product,,,RP-HPLC purified,ELISA peptide
elisa_002,elisa_peptides_2024,Table S3 List of soluble peptides used in ELISA experiments,https://www.researchgate.net/publication/294013748,2024,C3,ETTPAASPGNTSDGN,linear,98,final_product,,,RP-HPLC purified,ELISA peptide
elisa_003,elisa_peptides_2024,Table S3 List of soluble peptides used in ELISA experiments,https://www.researchgate.net/publication/294013748,2024,B5,GRQAHGSEESGSGQS,linear,90,final_product,,,RP-HPLC purified,ELISA peptide
elisa_004,elisa_peptides_2024,Table S3 List of soluble peptides used in ELISA experiments,https://www.researchgate.net/publication/294013748,2024,D10,KEEDDADATEVTSAG,linear,92,final_product,,,RP-HPLC purified,ELISA peptide
elisa_005,elisa_peptides_2024,Table S3 List of soluble peptides used in ELISA experiments,https://www.researchgate.net/publication/294013748,2024,H1,STRPTNGSREGDTDT,linear,98,final_product,,,RP-HPLC purified,ELISA peptide
elisa_006,elisa_peptides_2024,Table S3 List of soluble peptides used in ELISA experiments,https://www.researchgate.net/publication/294013748,2024,H5,GGRAETPSSPSLETQ,linear,93,final_product,,,RP-HPLC purified,ELISA peptide
elisa_007,elisa_peptides_2024,Table S3 List of soluble peptides used in ELISA experiments,https://www.researchgate.net/publication/294013748,2024,J10,QEGRQTPQSQVNVPQ,linear,93,final_product,,,RP-HPLC purified,ELISA peptide
elisa_008,elisa_peptides_2024,Table S3 List of soluble peptides used in ELISA experiments,https://www.researchgate.net/publication/294013748,2024,SAPA,STPVDSSAHGTPSTPC,linear,96,final_product,,,RP-HPLC purified,ELISA peptide - Trans-sialidase
hla_001,hla_peptide_production_2021,A novel and efficient approach to high-throughput production of HLA-E peptide monomer,https://www.nature.com/articles/s41598-021-96560-9,2021,Peptide A,VMAPRALLL,linear,,,19.6,isolated,batch protocol production,Signal peptide HLA-C
hla_002,hla_peptide_production_2021,A novel and efficient approach to high-throughput production of HLA-E peptide monomer,https://www.nature.com/articles/s41598-021-96560-9,2021,Peptide D,VMAPRTVLL,linear,,,22.9,isolated,batch protocol production,Highest yield HLA signal peptide
hla_003,hla_peptide_production_2021,A novel and efficient approach to high-throughput production of HLA-E peptide monomer,https://www.nature.com/articles/s41598-021-96560-9,2021,Peptide G,VMTPRTLVL,linear,,,14.5,isolated,batch protocol production,UL40 HCMV peptide
neoantigen_001,neoantigen_flow_2019,Automated Flow Synthesis of Tumor Neoantigen Peptides,https://www.nature.com/articles/s41598-019-56943-5,2019,IMP-avg>=95,30-mer immunizing peptides 17 peptides,linear,95,final_product,11,isolated,isolated peptide mass after purification,Flow SPPS - average of 17 IMPs with >=95% purity
neoantigen_002,neoantigen_flow_2019,Automated Flow Synthesis of Tumor Neoantigen Peptides,https://www.nature.com/articles/s41598-019-56943-5,2019,ASP-avg>90,14-15-mer assay peptides 10 peptides,linear,90,final_product,,,Flow SPPS - average of 10 ASPs with >90% purity
amps_001,amps_multiphosphorylated_2022,Accelerated Multiphosphorylated Peptide Synthesis (AMPS),https://pmc.ncbi.nlm.nih.gov/articles/PMC9397535/,2022,V2R-5p,pSpSpSLAKDpTpSS,linear,7.7,crude_hplc,4.2,isolated,isolated yield after HPLC purification,"AMPS SPPS: 0.5% DBU Fmoc deprotection at 90°C; 3 equiv AA, 2.9 equiv HATU, 8 equiv DIEA coupling at 90°C; TFA cleavage",Table 2
amps_002,amps_multiphosphorylated_2022,Accelerated Multiphosphorylated Peptide Synthesis (AMPS),https://pmc.ncbi.nlm.nih.gov/articles/PMC9397535/,2022,APC-4p,CpS*pS*SLpSALpSL,linear,31.5,crude_hplc,27.0,isolated,isolated yield after HPLC purification,"AMPS SPPS: 0.5% DBU Fmoc deprotection at 90°C; 3 equiv AA, 2.9 equiv HATU, 8 equiv DIEA coupling at 90°C; TFA cleavage",Table 2
amps_003,amps_multiphosphorylated_2022,Accelerated Multiphosphorylated Peptide Synthesis (AMPS),https://pmc.ncbi.nlm.nih.gov/articles/PMC9397535/,2022,p53-5p,pS*DPpS*VEPPLpSQEpT*FpS*,linear,19.9,crude_hplc,6.5,isolated,isolated yield after HPLC purification,"AMPS SPPS: 0.5% DBU Fmoc deprotection at 90°C; 3 equiv AA, 2.9 equiv HATU, 8 equiv DIEA coupling at 90°C; TFA cleavage",Table 2
amps_004,amps_multiphosphorylated_2022,Accelerated Multiphosphorylated Peptide Synthesis (AMPS),https://pmc.ncbi.nlm.nih.gov/articles/PMC9397535/,2022,B2R-5p,pSMGpT*LR*pT*pSIpS,linear,13.7,crude_hplc,12.8,isolated,isolated yield after HPLC purification,"AMPS SPPS: 0.5% DBU Fmoc deprotection at 90°C; 3 equiv AA, 2.9 equiv HATU, 8 equiv DIEA coupling at 90°C; TFA cleavage",Table 2
amps_005,amps_multiphosphorylated_2022,Accelerated Multiphosphorylated Peptide Synthesis (AMPS),https://pmc.ncbi.nlm.nih.gov/articles/PMC9397535/,2022,Vim-4p,pS*R*P*pS*pS*pSRSLLL,linear,27.8,crude_hplc,24.0,isolated,isolated yield after HPLC purification,"AMPS SPPS: 0.5% DBU Fmoc deprotection at 90°C; 3 equiv AA, 2.9 equiv HATU, 8 equiv DIEA coupling at 90°C; TFA cleavage",Table 2
amps_006,amps_multiphosphorylated_2022,Accelerated Multiphosphorylated Peptide Synthesis (AMPS),https://pmc.ncbi.nlm.nih.gov/articles/PMC9397535/,2022,Tau-6p,pS*pSPGpSPG*pT*PGpS*R*pS*LLL,linear,12.7,crude_hplc,3.6,isolated,isolated yield after HPLC purification,"AMPS SPPS: 0.5% DBU Fmoc deprotection at 90°C; 3 equiv AA, 2.9 equiv HATU, 8 equiv DIEA coupling at 90°C; TFA cleavage",Table 2
amps_007,amps_multiphosphorylated_2022,Accelerated Multiphosphorylated Peptide Synthesis (AMPS),https://pmc.ncbi.nlm.nih.gov/articles/PMC9397535/,2022,pLam-4p,pS*HpS*pSQ*pT*QGLLL,linear,37.2,crude_hplc,33.6,isolated,isolated yield after HPLC purification,"AMPS SPPS: 0.5% DBU Fmoc deprotection at 90°C; 3 equiv AA, 2.9 equiv HATU, 8 equiv DIEA coupling at 90°C; TFA cleavage",Table 2
amps_008,amps_multiphosphorylated_2022,Accelerated Multiphosphorylated Peptide Synthesis (AMPS),https://pmc.ncbi.nlm.nih.gov/articles/PMC9397535/,2022,FFA-5p,L*pT*D*pT*pS*VKRNDLpSIIpS,linear,14.2,crude_hplc,6.9,isolated,isolated yield after HPLC purification,"AMPS SPPS: 0.5% DBU Fmoc deprotection at 90°C; 3 equiv AA, 2.9 equiv HATU, 8 equiv DIEA coupling at 90°C; TFA cleavage",Table 2
unips_001,universal_peptide_platform_2025,Universal peptide synthesis via solid-phase methods fused with automation,https://www.nature.com/articles/s41467-025-62344-2,2025,ACP(65-74),EAKEKLQISFLKALAQ,linear,87,crude_hplc,41,isolated,isolated peptide mass after RP-HPLC purification,"Standard Fmoc/tBu SPPS on automated platform; 0.1 mmol scale; HATU coupling; TFA cleavage",Table 1 / article text
unips_002,universal_peptide_platform_2025,Universal peptide synthesis via solid-phase methods fused with automation,https://www.nature.com/articles/s41467-025-62344-2,2025,18A,KELLSSLKELLSSLK,linear,87,crude_hplc,67,isolated,isolated peptide mass after RP-HPLC purification,"Standard Fmoc/tBu SPPS on automated platform; 0.1 mmol scale; amphipathic helical peptide",Table 1 / article text
unips_003,universal_peptide_platform_2025,Universal peptide synthesis via solid-phase methods fused with automation,https://www.nature.com/articles/s41467-025-62344-2,2025,GHRH(1-29),YADAIFTNSYRKVLAAFLQRSVVLN,linear,87,crude_hplc,59,isolated,isolated peptide mass after RP-HPLC purification,"Standard Fmoc/tBu SPPS on automated platform; 0.1 mmol scale; growth hormone-releasing hormone fragment",Table 1 / article text
unips_004,universal_peptide_platform_2025,Universal peptide synthesis via solid-phase methods fused with automation,https://www.nature.com/articles/s41467-025-62344-2,2025,Semaglutide,HAEGTFTSDVSSYLEGQAAKEFIAWLVRGRG,linear,57,crude_hplc,18,isolated,isolated peptide mass after RP-HPLC purification,"On-resin lipidation: Fmoc-Aib-OH, Fmoc-Lys(Mtt)-OH, 2 Ado spacers, γ-Glu linker, C18 diacid; 71 steps total",Table 1 / article text
unips_005,universal_peptide_platform_2025,Universal peptide synthesis via solid-phase methods fused with automation,https://www.nature.com/articles/s41467-025-62344-2,2025,NYAD-13,Ac-GIWKAQFGLRSGLAKKL-NH2,stapled,,63,isolated,isolated peptide mass after RP-HPLC purification,"Ring-closing metathesis (RCM) with Fmoc-S5-OH olefinic residues; hydrocarbon stapled CPP",Table 1 / article text
unips_006,universal_peptide_platform_2025,Universal peptide synthesis via solid-phase methods fused with automation,https://www.nature.com/articles/s41467-025-62344-2,2025,Capitellacin,GCGIDTPKYQWFRGGNIGC,cyclic,,24,isolated,isolated peptide mass after RP-HPLC purification,"Directed oxidative folding with Acm protection at Cys5/Cys18; I2 in glacial acetic acid; β-hairpin antimicrobial peptide",Table 1 / article text
unips_007,universal_peptide_platform_2025,Universal peptide synthesis via solid-phase methods fused with automation,https://www.nature.com/articles/s41467-025-62344-2,2025,N-Methyl-18A,KELLSSLKELLSSLK with N-Me-Phe,linear,79,crude_hplc,62,isolated,isolated peptide mass after RP-HPLC purification,"Standard Fmoc/tBu SPPS with N-methyl-Phe at positions 6 and 18; sterically hindered N-alkyl amino acids",Table 1 / article text
